# Blender 5.0.1
# www.blender.org
mtllib 3dclock_white.mtl
o Cylinder.165
v -0.056026 -0.018231 -0.040527
v -0.056026 -0.008928 -0.040527
v -0.035781 -0.018231 -0.035103
v -0.035781 -0.008928 -0.035103
v -0.020961 -0.018231 -0.020283
v -0.020961 -0.008928 -0.020283
v -0.015537 -0.018231 -0.000038
v -0.015537 -0.008928 -0.000038
v -0.020961 -0.018231 0.020206
v -0.020961 -0.008928 0.020206
v -0.035781 -0.018231 0.035026
v -0.035781 -0.008928 0.035026
v -0.056026 -0.018231 0.040451
v -0.056026 -0.008928 0.040451
v -0.076270 -0.018231 0.035026
v -0.076270 -0.008928 0.035026
v -0.091090 -0.018231 0.020206
v -0.091090 -0.008928 0.020206
v -0.096515 -0.018231 -0.000038
v -0.096515 -0.008928 -0.000038
v -0.091090 -0.018231 -0.020283
v -0.091090 -0.008928 -0.020283
v -0.076270 -0.018231 -0.035103
v -0.076270 -0.008928 -0.035103
v -0.092375 -0.009388 -0.019819
v -0.095415 -0.009388 -0.021574
v -0.092157 -0.009301 -0.020197
v -0.095197 -0.009301 -0.021952
v -0.091972 -0.009054 -0.020517
v -0.095012 -0.009054 -0.022272
v -0.091849 -0.008684 -0.020731
v -0.094888 -0.008684 -0.022486
v -0.091805 -0.008248 -0.020806
v -0.094845 -0.008248 -0.022561
v -0.091849 -0.007812 -0.020731
v -0.094888 -0.007812 -0.022486
v -0.091972 -0.007442 -0.020517
v -0.095012 -0.007442 -0.022272
v -0.092157 -0.007195 -0.020197
v -0.095197 -0.007195 -0.021952
v -0.092375 -0.007108 -0.019819
v -0.095415 -0.007108 -0.021574
v -0.092593 -0.007195 -0.019441
v -0.095633 -0.007195 -0.021196
v -0.092778 -0.007442 -0.019121
v -0.095818 -0.007442 -0.020876
v -0.092902 -0.007812 -0.018907
v -0.095941 -0.007812 -0.020662
v -0.092945 -0.008248 -0.018832
v -0.095985 -0.008248 -0.020587
v -0.092902 -0.008684 -0.018907
v -0.095941 -0.008684 -0.020662
v -0.092778 -0.009054 -0.019121
v -0.095818 -0.009054 -0.020876
v -0.092593 -0.009301 -0.019441
v -0.095633 -0.009301 -0.021196
v -0.096576 -0.009071 -0.022638
v -0.096746 -0.009139 -0.022343
v -0.096431 -0.008878 -0.022888
v -0.096335 -0.008589 -0.023056
v -0.096301 -0.008248 -0.023114
v -0.096335 -0.007907 -0.023056
v -0.096431 -0.007618 -0.022888
v -0.096576 -0.007425 -0.022638
v -0.096746 -0.007357 -0.022343
v -0.096917 -0.007425 -0.022048
v -0.097061 -0.007618 -0.021797
v -0.097158 -0.007907 -0.021630
v -0.097192 -0.008248 -0.021572
v -0.097158 -0.008589 -0.021630
v -0.097061 -0.008878 -0.021797
v -0.096917 -0.009071 -0.022048
v -0.098317 -0.009219 -0.023714
v -0.098518 -0.009299 -0.023366
v -0.098146 -0.008991 -0.024010
v -0.098033 -0.008650 -0.024207
v -0.097992 -0.008248 -0.024277
v -0.098033 -0.007846 -0.024207
v -0.098146 -0.007504 -0.024010
v -0.098317 -0.007276 -0.023714
v -0.098518 -0.007196 -0.023366
v -0.098719 -0.007276 -0.023017
v -0.098890 -0.007504 -0.022722
v -0.099004 -0.007846 -0.022525
v -0.099044 -0.008248 -0.022455
v -0.099004 -0.008650 -0.022525
v -0.098890 -0.008991 -0.022722
v -0.098719 -0.009219 -0.023017
v -0.099034 -0.009812 -0.024411
v -0.099357 -0.009941 -0.023850
v -0.098759 -0.009445 -0.024887
v -0.098575 -0.008896 -0.025205
v -0.098511 -0.008248 -0.025316
v -0.098575 -0.007600 -0.025205
v -0.098759 -0.007051 -0.024887
v -0.099034 -0.006684 -0.024411
v -0.099357 -0.006555 -0.023850
v -0.099681 -0.006684 -0.023289
v -0.099956 -0.007051 -0.022814
v -0.100139 -0.007600 -0.022496
v -0.100204 -0.008248 -0.022384
v -0.100139 -0.008896 -0.022496
v -0.099956 -0.009445 -0.022814
v -0.099681 -0.009812 -0.023289
v -0.103555 -0.009812 -0.027022
v -0.103878 -0.009941 -0.026461
v -0.103280 -0.009445 -0.027497
v -0.103096 -0.008896 -0.027815
v -0.103032 -0.008248 -0.027927
v -0.103096 -0.007600 -0.027815
v -0.103280 -0.007051 -0.027497
v -0.103555 -0.006684 -0.027022
v -0.103878 -0.006555 -0.026461
v -0.104202 -0.006684 -0.025900
v -0.104477 -0.007051 -0.025424
v -0.104660 -0.007600 -0.025106
v -0.104725 -0.008248 -0.024995
v -0.104660 -0.008896 -0.025106
v -0.104477 -0.009445 -0.025424
v -0.104202 -0.009812 -0.025900
v -0.105043 -0.009310 -0.027641
v -0.105263 -0.009397 -0.027260
v -0.104856 -0.009061 -0.027964
v -0.104731 -0.008688 -0.028180
v -0.104688 -0.008248 -0.028255
v -0.104731 -0.007808 -0.028180
v -0.104856 -0.007435 -0.027964
v -0.105043 -0.007186 -0.027641
v -0.105263 -0.007098 -0.027260
v -0.105482 -0.007186 -0.026879
v -0.105669 -0.007435 -0.026556
v -0.105794 -0.007808 -0.026340
v -0.105837 -0.008248 -0.026264
v -0.105794 -0.008688 -0.026340
v -0.105669 -0.009061 -0.026556
v -0.105482 -0.009310 -0.026879
v -0.096732 -0.007026 -0.019137
v -0.095664 -0.004483 -0.019137
v -0.096732 -0.003316 -0.019137
v -0.096404 -0.007026 -0.020786
v -0.095418 -0.004483 -0.020377
v -0.096404 -0.003316 -0.020786
v -0.095470 -0.007026 -0.022184
v -0.094715 -0.004483 -0.021429
v -0.095470 -0.003316 -0.022184
v -0.094072 -0.007026 -0.023119
v -0.093663 -0.004483 -0.022132
v -0.094072 -0.003316 -0.023119
v -0.092422 -0.007026 -0.023447
v -0.092422 -0.004483 -0.022379
v -0.092422 -0.003316 -0.023447
v -0.090773 -0.007026 -0.023119
v -0.091182 -0.004483 -0.022132
v -0.090773 -0.003316 -0.023119
v -0.089375 -0.007026 -0.022184
v -0.090130 -0.004483 -0.021429
v -0.089375 -0.003316 -0.022184
v -0.088440 -0.007026 -0.020786
v -0.089427 -0.004483 -0.020377
v -0.088440 -0.003316 -0.020786
v -0.088112 -0.007026 -0.019137
v -0.089180 -0.004483 -0.019137
v -0.088112 -0.003316 -0.019137
v -0.088440 -0.007026 -0.017487
v -0.089427 -0.004483 -0.017896
v -0.088440 -0.003316 -0.017487
v -0.089375 -0.007026 -0.016089
v -0.090130 -0.004483 -0.016844
v -0.089375 -0.003316 -0.016089
v -0.090773 -0.007026 -0.015155
v -0.091182 -0.004483 -0.016142
v -0.090773 -0.003316 -0.015155
v -0.092422 -0.007026 -0.014827
v -0.092422 -0.004483 -0.015895
v -0.092422 -0.003316 -0.014827
v -0.094072 -0.007026 -0.015155
v -0.093663 -0.004483 -0.016142
v -0.094072 -0.003316 -0.015155
v -0.095470 -0.007026 -0.016089
v -0.094715 -0.004483 -0.016844
v -0.095470 -0.003316 -0.016089
v -0.096404 -0.007026 -0.017487
v -0.095418 -0.004483 -0.017896
v -0.096404 -0.003316 -0.017487
v -0.095664 -0.003316 -0.019137
v -0.092422 -0.003316 -0.015895
v -0.089180 -0.003316 -0.019137
v -0.092422 -0.003316 -0.022379
v -0.090130 -0.003316 -0.016844
v -0.091182 -0.003316 -0.016142
v -0.093663 -0.003316 -0.016142
v -0.095418 -0.003316 -0.017896
v -0.094715 -0.003316 -0.021429
v -0.095418 -0.003316 -0.020377
v -0.094715 -0.003316 -0.016844
v -0.089427 -0.003316 -0.017896
v -0.089427 -0.003316 -0.020377
v -0.091182 -0.003316 -0.022132
v -0.093663 -0.003316 -0.022132
v -0.090130 -0.003316 -0.021429
v -0.054970 -0.007026 -0.044480
v -0.054483 -0.004483 -0.043529
v -0.054970 -0.003316 -0.044480
v -0.053353 -0.007026 -0.044940
v -0.053266 -0.004483 -0.043876
v -0.053353 -0.003316 -0.044940
v -0.051682 -0.007026 -0.044747
v -0.052010 -0.004483 -0.043730
v -0.051682 -0.003316 -0.044747
v -0.050213 -0.007026 -0.043929
v -0.050904 -0.004483 -0.043115
v -0.050213 -0.003316 -0.043929
v -0.049168 -0.007026 -0.042611
v -0.050119 -0.004483 -0.042124
v -0.049168 -0.003316 -0.042611
v -0.048707 -0.007026 -0.040994
v -0.049772 -0.004483 -0.040907
v -0.048707 -0.003316 -0.040994
v -0.048901 -0.007026 -0.039323
v -0.049917 -0.004483 -0.039651
v -0.048901 -0.003316 -0.039323
v -0.049719 -0.007026 -0.037854
v -0.050532 -0.004483 -0.038545
v -0.049719 -0.003316 -0.037854
v -0.051036 -0.007026 -0.036809
v -0.051524 -0.004483 -0.037760
v -0.051036 -0.003316 -0.036809
v -0.052654 -0.007026 -0.036349
v -0.052740 -0.004483 -0.037413
v -0.052654 -0.003316 -0.036349
v -0.054324 -0.007026 -0.036542
v -0.053997 -0.004483 -0.037558
v -0.054324 -0.003316 -0.036542
v -0.055794 -0.007026 -0.037360
v -0.055102 -0.004483 -0.038174
v -0.055794 -0.003316 -0.037360
v -0.056838 -0.007026 -0.038678
v -0.055888 -0.004483 -0.039165
v -0.056838 -0.003316 -0.038678
v -0.057299 -0.007026 -0.040295
v -0.056235 -0.004483 -0.040382
v -0.057299 -0.003316 -0.040295
v -0.057106 -0.007026 -0.041965
v -0.056089 -0.004483 -0.041638
v -0.057106 -0.003316 -0.041966
v -0.056288 -0.007026 -0.043435
v -0.055474 -0.004483 -0.042743
v -0.056288 -0.003316 -0.043435
v -0.054483 -0.003316 -0.043529
v -0.055888 -0.003316 -0.039165
v -0.051524 -0.003316 -0.037760
v -0.050119 -0.003316 -0.042124
v -0.053997 -0.003316 -0.037558
v -0.055102 -0.003316 -0.038174
v -0.056235 -0.003316 -0.040382
v -0.055474 -0.003316 -0.042743
v -0.052010 -0.003316 -0.043730
v -0.053266 -0.003316 -0.043876
v -0.056089 -0.003316 -0.041638
v -0.052740 -0.003316 -0.037413
v -0.050532 -0.003316 -0.038545
v -0.049772 -0.003316 -0.040907
v -0.050904 -0.003316 -0.043115
v -0.049917 -0.003316 -0.039651
v -0.033188 -0.008230 -0.036064
v -0.033089 -0.005688 -0.035001
v -0.033188 -0.004521 -0.036064
v -0.031515 -0.008230 -0.035891
v -0.031830 -0.005688 -0.034870
v -0.031515 -0.004521 -0.035891
v -0.030036 -0.008230 -0.035091
v -0.030718 -0.005688 -0.034269
v -0.030036 -0.004521 -0.035091
v -0.028976 -0.008230 -0.033786
v -0.029920 -0.005688 -0.033287
v -0.028976 -0.004521 -0.033786
v -0.028495 -0.008230 -0.032174
v -0.029559 -0.005688 -0.032075
v -0.028495 -0.004521 -0.032174
v -0.028668 -0.008230 -0.030501
v -0.029689 -0.005688 -0.030816
v -0.028668 -0.004521 -0.030501
v -0.029468 -0.008230 -0.029022
v -0.030290 -0.005688 -0.029704
v -0.029468 -0.004521 -0.029022
v -0.030773 -0.008230 -0.027962
v -0.031272 -0.005688 -0.028906
v -0.030773 -0.004521 -0.027962
v -0.032385 -0.008230 -0.027481
v -0.032485 -0.005688 -0.028545
v -0.032385 -0.004521 -0.027481
v -0.034058 -0.008230 -0.027654
v -0.033743 -0.005688 -0.028675
v -0.034058 -0.004521 -0.027654
v -0.035537 -0.008230 -0.028454
v -0.034855 -0.005688 -0.029277
v -0.035537 -0.004521 -0.028454
v -0.036598 -0.008230 -0.029759
v -0.035653 -0.005688 -0.030258
v -0.036598 -0.004521 -0.029759
v -0.037078 -0.008230 -0.031371
v -0.036014 -0.005688 -0.031471
v -0.037078 -0.004521 -0.031371
v -0.036905 -0.008230 -0.033044
v -0.035884 -0.005688 -0.032729
v -0.036905 -0.004521 -0.033044
v -0.036105 -0.008230 -0.034523
v -0.035283 -0.005688 -0.033842
v -0.036105 -0.004521 -0.034523
v -0.034800 -0.008230 -0.035584
v -0.034301 -0.005688 -0.034639
v -0.034800 -0.004521 -0.035584
v -0.033089 -0.004521 -0.035001
v -0.036014 -0.004521 -0.031471
v -0.032485 -0.004521 -0.028545
v -0.029559 -0.004521 -0.032075
v -0.034855 -0.004521 -0.029277
v -0.035653 -0.004521 -0.030258
v -0.035884 -0.004521 -0.032729
v -0.034301 -0.004521 -0.034639
v -0.030718 -0.004521 -0.034269
v -0.031830 -0.004521 -0.034870
v -0.035283 -0.004521 -0.033842
v -0.033743 -0.004521 -0.028675
v -0.031272 -0.004521 -0.028906
v -0.029689 -0.004521 -0.030816
v -0.029920 -0.004521 -0.033287
v -0.030290 -0.004521 -0.029704
v -0.018747 -0.015184 -0.018964
v -0.019685 -0.015184 -0.018902
v -0.020606 -0.015184 -0.018719
v -0.021496 -0.015184 -0.018418
v -0.018747 -0.015184 -0.021012
v -0.019952 -0.015184 -0.020933
v -0.021138 -0.015184 -0.020698
v -0.022282 -0.015184 -0.020311
v -0.020086 -0.015184 -0.021949
v -0.021403 -0.015184 -0.021688
v -0.022675 -0.015184 -0.021257
v -0.020590 -0.015184 -0.022910
v -0.021669 -0.015184 -0.022677
v -0.022720 -0.015184 -0.022340
v -0.018747 -0.014098 -0.018964
v -0.019685 -0.014098 -0.018902
v -0.020606 -0.014098 -0.018719
v -0.021496 -0.014098 -0.018418
v -0.018747 -0.014098 -0.021012
v -0.019952 -0.014098 -0.020933
v -0.021138 -0.014098 -0.020698
v -0.022282 -0.014098 -0.020311
v -0.020086 -0.014098 -0.021949
v -0.021403 -0.014098 -0.021688
v -0.022675 -0.014098 -0.021257
v -0.020590 -0.014098 -0.022910
v -0.021669 -0.014098 -0.022677
v -0.022720 -0.014098 -0.022340
v -0.022339 -0.015184 -0.018003
v -0.023121 -0.015184 -0.017482
v -0.023827 -0.015184 -0.016864
v -0.024447 -0.015184 -0.016158
v -0.023366 -0.015184 -0.019777
v -0.024371 -0.015184 -0.019107
v -0.025279 -0.015184 -0.018312
v -0.026076 -0.015184 -0.017406
v -0.024995 -0.015184 -0.019920
v -0.026005 -0.015184 -0.019036
v -0.026890 -0.015184 -0.018029
v -0.025913 -0.015184 -0.020501
v -0.026731 -0.015184 -0.019761
v -0.027472 -0.015184 -0.018945
v -0.022339 -0.014098 -0.018003
v -0.023121 -0.014098 -0.017482
v -0.023827 -0.014098 -0.016864
v -0.024447 -0.014098 -0.016158
v -0.023366 -0.014098 -0.019777
v -0.024371 -0.014098 -0.019107
v -0.025279 -0.014098 -0.018312
v -0.026076 -0.014098 -0.017406
v -0.024995 -0.014098 -0.019920
v -0.026005 -0.014098 -0.019036
v -0.026890 -0.014098 -0.018029
v -0.025913 -0.014098 -0.020501
v -0.026731 -0.014098 -0.019761
v -0.027472 -0.014098 -0.018945
v -0.024969 -0.015184 -0.015379
v -0.025385 -0.015184 -0.014537
v -0.025687 -0.015184 -0.013649
v -0.025870 -0.015184 -0.012729
v -0.026747 -0.015184 -0.016403
v -0.027282 -0.015184 -0.015321
v -0.027670 -0.015184 -0.014179
v -0.027906 -0.015184 -0.012997
v -0.028230 -0.015184 -0.015713
v -0.028662 -0.015184 -0.014445
v -0.028924 -0.015184 -0.013130
v -0.029316 -0.015184 -0.015759
v -0.029653 -0.015184 -0.014710
v -0.029886 -0.015184 -0.013633
v -0.024969 -0.014098 -0.015379
v -0.025385 -0.014098 -0.014537
v -0.025687 -0.014098 -0.013649
v -0.025870 -0.014098 -0.012729
v -0.026747 -0.014098 -0.016403
v -0.027282 -0.014098 -0.015321
v -0.027670 -0.014098 -0.014179
v -0.027906 -0.014098 -0.012997
v -0.028230 -0.014098 -0.015713
v -0.028662 -0.014098 -0.014445
v -0.028924 -0.014098 -0.013130
v -0.029316 -0.014098 -0.015759
v -0.029653 -0.014098 -0.014710
v -0.029886 -0.014098 -0.013633
v -0.025932 -0.015184 -0.011793
v -0.025870 -0.015184 -0.010858
v -0.025687 -0.015184 -0.009938
v -0.025385 -0.015184 -0.009049
v -0.027985 -0.015184 -0.011793
v -0.027906 -0.015184 -0.010590
v -0.027670 -0.015184 -0.009407
v -0.027282 -0.015184 -0.008265
v -0.028924 -0.015184 -0.010456
v -0.028662 -0.015184 -0.009142
v -0.028230 -0.015184 -0.007874
v -0.029886 -0.015184 -0.009954
v -0.029653 -0.015184 -0.008877
v -0.029316 -0.015184 -0.007828
v -0.025932 -0.014098 -0.011793
v -0.025870 -0.014098 -0.010858
v -0.025687 -0.014098 -0.009938
v -0.025385 -0.014098 -0.009049
v -0.027985 -0.014098 -0.011793
v -0.027906 -0.014098 -0.010590
v -0.027670 -0.014098 -0.009407
v -0.027282 -0.014098 -0.008265
v -0.028924 -0.014098 -0.010456
v -0.028662 -0.014098 -0.009142
v -0.028230 -0.014098 -0.007874
v -0.029886 -0.014098 -0.009954
v -0.029653 -0.014098 -0.008877
v -0.029316 -0.014098 -0.007828
v -0.024969 -0.015184 -0.008208
v -0.024447 -0.015184 -0.007428
v -0.023827 -0.015184 -0.006723
v -0.023121 -0.015184 -0.006105
v -0.026747 -0.015184 -0.007184
v -0.026076 -0.015184 -0.006181
v -0.025279 -0.015184 -0.005275
v -0.024371 -0.015184 -0.004480
v -0.026890 -0.015184 -0.005558
v -0.026005 -0.015184 -0.004550
v -0.024995 -0.015184 -0.003667
v -0.027472 -0.015184 -0.004642
v -0.026731 -0.015184 -0.003826
v -0.025913 -0.015184 -0.003086
v -0.024969 -0.014098 -0.008208
v -0.024447 -0.014098 -0.007428
v -0.023827 -0.014098 -0.006723
v -0.023121 -0.014098 -0.006105
v -0.026747 -0.014098 -0.007184
v -0.026076 -0.014098 -0.006181
v -0.025279 -0.014098 -0.005275
v -0.024371 -0.014098 -0.004480
v -0.026890 -0.014098 -0.005558
v -0.026005 -0.014098 -0.004550
v -0.024995 -0.014098 -0.003667
v -0.027472 -0.014098 -0.004642
v -0.026731 -0.014098 -0.003826
v -0.025913 -0.014098 -0.003086
v -0.022339 -0.015184 -0.005584
v -0.021496 -0.015184 -0.005169
v -0.020606 -0.015184 -0.004867
v -0.019685 -0.015184 -0.004685
v -0.023366 -0.015184 -0.003810
v -0.022282 -0.015184 -0.003276
v -0.021138 -0.015184 -0.002889
v -0.019952 -0.015184 -0.002653
v -0.022675 -0.015184 -0.002330
v -0.021403 -0.015184 -0.001899
v -0.020086 -0.015184 -0.001638
v -0.022720 -0.015184 -0.001247
v -0.021669 -0.015184 -0.000910
v -0.020590 -0.015184 -0.000677
v -0.022339 -0.014098 -0.005584
v -0.021496 -0.014098 -0.005169
v -0.020606 -0.014098 -0.004867
v -0.019684 -0.014098 -0.004685
v -0.023366 -0.014098 -0.003810
v -0.022282 -0.014098 -0.003276
v -0.021138 -0.014098 -0.002889
v -0.019952 -0.014098 -0.002653
v -0.022675 -0.014098 -0.002330
v -0.021403 -0.014098 -0.001899
v -0.020086 -0.014098 -0.001638
v -0.022720 -0.014098 -0.001247
v -0.021669 -0.014098 -0.000910
v -0.020590 -0.014098 -0.000677
v -0.018747 -0.015184 -0.004623
v -0.017809 -0.015184 -0.004685
v -0.016887 -0.015184 -0.004867
v -0.015997 -0.015184 -0.005169
v -0.018747 -0.015184 -0.002575
v -0.017541 -0.015184 -0.002653
v -0.016356 -0.015184 -0.002889
v -0.015211 -0.015184 -0.003276
v -0.017407 -0.015184 -0.001638
v -0.016090 -0.015184 -0.001899
v -0.014818 -0.015184 -0.002330
v -0.016903 -0.015184 -0.000677
v -0.015824 -0.015184 -0.000910
v -0.014773 -0.015184 -0.001247
v -0.018747 -0.014098 -0.004623
v -0.017809 -0.014098 -0.004685
v -0.016887 -0.014098 -0.004867
v -0.015997 -0.014098 -0.005169
v -0.018747 -0.014098 -0.002575
v -0.017541 -0.014098 -0.002653
v -0.016356 -0.014098 -0.002889
v -0.015211 -0.014098 -0.003276
v -0.017407 -0.014098 -0.001638
v -0.016090 -0.014098 -0.001899
v -0.014818 -0.014098 -0.002330
v -0.016903 -0.014098 -0.000677
v -0.015824 -0.014098 -0.000910
v -0.014773 -0.014098 -0.001247
v -0.015154 -0.015184 -0.005584
v -0.014372 -0.015184 -0.006105
v -0.013666 -0.015184 -0.006723
v -0.013046 -0.015184 -0.007428
v -0.014128 -0.015184 -0.003810
v -0.013123 -0.015184 -0.004480
v -0.012214 -0.015184 -0.005275
v -0.011417 -0.015184 -0.006181
v -0.012498 -0.015184 -0.003667
v -0.011488 -0.015184 -0.004550
v -0.010603 -0.015184 -0.005558
v -0.011581 -0.015184 -0.003086
v -0.010763 -0.015184 -0.003826
v -0.010021 -0.015184 -0.004642
v -0.015154 -0.014098 -0.005584
v -0.014372 -0.014098 -0.006105
v -0.013666 -0.014098 -0.006723
v -0.013046 -0.014098 -0.007428
v -0.014127 -0.014098 -0.003810
v -0.013123 -0.014098 -0.004480
v -0.012214 -0.014098 -0.005275
v -0.011417 -0.014098 -0.006181
v -0.012498 -0.014098 -0.003667
v -0.011488 -0.014098 -0.004550
v -0.010603 -0.014098 -0.005558
v -0.011581 -0.014098 -0.003086
v -0.010763 -0.014098 -0.003826
v -0.010021 -0.014098 -0.004642
v -0.012524 -0.015184 -0.008208
v -0.012108 -0.015184 -0.009049
v -0.011806 -0.015184 -0.009938
v -0.011623 -0.015184 -0.010858
v -0.010746 -0.015184 -0.007184
v -0.010212 -0.015184 -0.008266
v -0.009823 -0.015184 -0.009407
v -0.009587 -0.015184 -0.010590
v -0.009263 -0.015184 -0.007874
v -0.008832 -0.015184 -0.009142
v -0.008570 -0.015184 -0.010456
v -0.008178 -0.015184 -0.007828
v -0.007840 -0.015184 -0.008877
v -0.007607 -0.015184 -0.009954
v -0.012524 -0.014098 -0.008208
v -0.012108 -0.014098 -0.009049
v -0.011806 -0.014098 -0.009938
v -0.011623 -0.014098 -0.010858
v -0.010746 -0.014098 -0.007184
v -0.010212 -0.014098 -0.008266
v -0.009823 -0.014098 -0.009407
v -0.009587 -0.014098 -0.010590
v -0.009263 -0.014098 -0.007874
v -0.008832 -0.014098 -0.009142
v -0.008570 -0.014098 -0.010456
v -0.008178 -0.014098 -0.007828
v -0.007840 -0.014098 -0.008877
v -0.007607 -0.014098 -0.009954
v -0.011561 -0.015184 -0.011793
v -0.011623 -0.015184 -0.012729
v -0.011806 -0.015184 -0.013649
v -0.012108 -0.015184 -0.014537
v -0.009508 -0.015184 -0.011793
v -0.009587 -0.015184 -0.012997
v -0.009823 -0.015184 -0.014179
v -0.010212 -0.015184 -0.015321
v -0.008570 -0.015184 -0.013130
v -0.008832 -0.015184 -0.014445
v -0.009263 -0.015184 -0.015713
v -0.007607 -0.015184 -0.013633
v -0.007840 -0.015184 -0.014710
v -0.008178 -0.015184 -0.015759
v -0.011561 -0.014098 -0.011793
v -0.011623 -0.014098 -0.012729
v -0.011806 -0.014098 -0.013649
v -0.012108 -0.014098 -0.014537
v -0.009508 -0.014098 -0.011793
v -0.009587 -0.014098 -0.012997
v -0.009823 -0.014098 -0.014179
v -0.010212 -0.014098 -0.015321
v -0.008570 -0.014098 -0.013130
v -0.008832 -0.014098 -0.014445
v -0.009263 -0.014098 -0.015713
v -0.007607 -0.014098 -0.013633
v -0.007840 -0.014098 -0.014710
v -0.008178 -0.014098 -0.015759
v -0.012524 -0.015184 -0.015379
v -0.013046 -0.015184 -0.016158
v -0.013666 -0.015184 -0.016864
v -0.014373 -0.015184 -0.017482
v -0.010746 -0.015184 -0.016403
v -0.011417 -0.015184 -0.017406
v -0.012214 -0.015184 -0.018312
v -0.013123 -0.015184 -0.019107
v -0.010603 -0.015184 -0.018029
v -0.011488 -0.015184 -0.019036
v -0.012498 -0.015184 -0.019920
v -0.010021 -0.015184 -0.018945
v -0.010763 -0.015184 -0.019761
v -0.011581 -0.015184 -0.020501
v -0.012524 -0.014098 -0.015379
v -0.013046 -0.014098 -0.016158
v -0.013666 -0.014098 -0.016864
v -0.014373 -0.014098 -0.017482
v -0.010746 -0.014098 -0.016403
v -0.011417 -0.014098 -0.017406
v -0.012214 -0.014098 -0.018312
v -0.013123 -0.014098 -0.019107
v -0.010603 -0.014098 -0.018029
v -0.011488 -0.014098 -0.019036
v -0.012498 -0.014098 -0.019920
v -0.010021 -0.014098 -0.018945
v -0.010763 -0.014098 -0.019761
v -0.011581 -0.014098 -0.020501
v -0.015154 -0.015184 -0.018003
v -0.015997 -0.015184 -0.018418
v -0.016887 -0.015184 -0.018719
v -0.017809 -0.015184 -0.018902
v -0.014128 -0.015184 -0.019777
v -0.015211 -0.015184 -0.020311
v -0.016356 -0.015184 -0.020698
v -0.017541 -0.015184 -0.020933
v -0.014819 -0.015184 -0.021257
v -0.016090 -0.015184 -0.021688
v -0.017407 -0.015184 -0.021949
v -0.014773 -0.015184 -0.022340
v -0.015824 -0.015184 -0.022677
v -0.016903 -0.015184 -0.022910
v -0.015154 -0.014098 -0.018003
v -0.015997 -0.014098 -0.018418
v -0.016887 -0.014098 -0.018719
v -0.017809 -0.014098 -0.018902
v -0.014128 -0.014098 -0.019777
v -0.015211 -0.014098 -0.020311
v -0.016356 -0.014098 -0.020698
v -0.017541 -0.014098 -0.020933
v -0.014819 -0.014098 -0.021257
v -0.016090 -0.014098 -0.021688
v -0.017407 -0.014098 -0.021949
v -0.014773 -0.014098 -0.022340
v -0.015824 -0.014098 -0.022677
v -0.016903 -0.014098 -0.022910
v -0.019594 -0.009388 0.020246
v -0.016554 -0.009388 0.022001
v -0.019812 -0.009301 0.020624
v -0.016773 -0.009301 0.022379
v -0.019997 -0.009054 0.020944
v -0.016957 -0.009054 0.022699
v -0.020121 -0.008684 0.021158
v -0.017081 -0.008684 0.022913
v -0.020164 -0.008248 0.021233
v -0.017124 -0.008248 0.022988
v -0.020121 -0.007812 0.021158
v -0.017081 -0.007812 0.022913
v -0.019997 -0.007442 0.020944
v -0.016957 -0.007442 0.022699
v -0.019812 -0.007195 0.020624
v -0.016773 -0.007195 0.022379
v -0.019594 -0.007108 0.020246
v -0.016554 -0.007108 0.022001
v -0.019376 -0.007195 0.019868
v -0.016336 -0.007195 0.021623
v -0.019191 -0.007442 0.019548
v -0.016151 -0.007442 0.021303
v -0.019068 -0.007812 0.019334
v -0.016028 -0.007812 0.021089
v -0.019024 -0.008248 0.019259
v -0.015984 -0.008248 0.021014
v -0.019068 -0.008684 0.019334
v -0.016028 -0.008684 0.021089
v -0.019191 -0.009054 0.019548
v -0.016151 -0.009054 0.021303
v -0.019376 -0.009301 0.019868
v -0.016336 -0.009301 0.021623
v -0.015393 -0.009071 0.023065
v -0.015223 -0.009139 0.022770
v -0.015538 -0.008878 0.023315
v -0.015634 -0.008589 0.023482
v -0.015668 -0.008248 0.023541
v -0.015634 -0.007907 0.023482
v -0.015538 -0.007618 0.023315
v -0.015393 -0.007425 0.023065
v -0.015223 -0.007357 0.022770
v -0.015053 -0.007425 0.022475
v -0.014908 -0.007618 0.022224
v -0.014812 -0.007907 0.022057
v -0.014778 -0.008248 0.021998
v -0.014812 -0.008589 0.022057
v -0.014908 -0.008878 0.022224
v -0.015053 -0.009071 0.022475
v -0.013652 -0.009219 0.024141
v -0.013451 -0.009299 0.023793
v -0.013823 -0.008991 0.024437
v -0.013937 -0.008650 0.024634
v -0.013977 -0.008248 0.024703
v -0.013937 -0.007846 0.024634
v -0.013823 -0.007504 0.024437
v -0.013652 -0.007276 0.024141
v -0.013451 -0.007196 0.023793
v -0.013250 -0.007276 0.023444
v -0.013079 -0.007504 0.023149
v -0.012965 -0.007846 0.022951
v -0.012925 -0.008248 0.022882
v -0.012965 -0.008650 0.022951
v -0.013079 -0.008991 0.023149
v -0.013250 -0.009219 0.023444
v -0.012936 -0.009812 0.024838
v -0.012612 -0.009941 0.024277
v -0.013210 -0.009445 0.025314
v -0.013394 -0.008896 0.025632
v -0.013458 -0.008248 0.025743
v -0.013394 -0.007600 0.025632
v -0.013210 -0.007051 0.025314
v -0.012936 -0.006684 0.024838
v -0.012612 -0.006555 0.024277
v -0.012288 -0.006684 0.023716
v -0.012013 -0.007051 0.023241
v -0.011830 -0.007600 0.022923
v -0.011765 -0.008248 0.022811
v -0.011830 -0.008896 0.022923
v -0.012013 -0.009445 0.023241
v -0.012288 -0.009812 0.023716
v -0.008415 -0.009812 0.027448
v -0.008091 -0.009941 0.026887
v -0.008689 -0.009445 0.027924
v -0.008873 -0.008896 0.028242
v -0.008937 -0.008248 0.028353
v -0.008873 -0.007600 0.028242
v -0.008689 -0.007051 0.027924
v -0.008415 -0.006684 0.027448
v -0.008091 -0.006555 0.026887
v -0.007767 -0.006684 0.026326
v -0.007492 -0.007051 0.025851
v -0.007309 -0.007600 0.025533
v -0.007245 -0.008248 0.025421
v -0.007309 -0.008896 0.025533
v -0.007492 -0.009445 0.025851
v -0.007767 -0.009812 0.026326
v -0.006927 -0.009310 0.028068
v -0.006707 -0.009397 0.027687
v -0.007113 -0.009061 0.028391
v -0.007238 -0.008688 0.028606
v -0.007282 -0.008248 0.028682
v -0.007238 -0.007808 0.028606
v -0.007113 -0.007435 0.028391
v -0.006927 -0.007186 0.028068
v -0.006707 -0.007098 0.027687
v -0.006487 -0.007186 0.027306
v -0.006300 -0.007435 0.026983
v -0.006176 -0.007808 0.026767
v -0.006132 -0.008248 0.026691
v -0.006176 -0.008688 0.026767
v -0.006300 -0.009061 0.026983
v -0.006487 -0.009310 0.027306
v -0.015237 -0.007026 0.019564
v -0.016305 -0.004483 0.019564
v -0.015237 -0.003316 0.019564
v -0.015565 -0.007026 0.021213
v -0.016552 -0.004483 0.020804
v -0.015565 -0.003316 0.021213
v -0.016499 -0.007026 0.022611
v -0.017254 -0.004483 0.021856
v -0.016499 -0.003316 0.022611
v -0.017898 -0.007026 0.023546
v -0.018306 -0.004483 0.022559
v -0.017898 -0.003316 0.023546
v -0.019547 -0.007026 0.023874
v -0.019547 -0.004483 0.022806
v -0.019547 -0.003316 0.023874
v -0.021196 -0.007026 0.023546
v -0.020788 -0.004483 0.022559
v -0.021196 -0.003316 0.023546
v -0.022595 -0.007026 0.022611
v -0.021839 -0.004483 0.021856
v -0.022595 -0.003316 0.022611
v -0.023529 -0.007026 0.021213
v -0.022542 -0.004483 0.020804
v -0.023529 -0.003316 0.021213
v -0.023857 -0.007026 0.019564
v -0.022789 -0.004483 0.019564
v -0.023857 -0.003316 0.019564
v -0.023529 -0.007026 0.017914
v -0.022542 -0.004483 0.018323
v -0.023529 -0.003316 0.017914
v -0.022595 -0.007026 0.016516
v -0.021839 -0.004483 0.017271
v -0.022595 -0.003316 0.016516
v -0.021196 -0.007026 0.015582
v -0.020788 -0.004483 0.016568
v -0.021196 -0.003316 0.015582
v -0.019547 -0.007026 0.015254
v -0.019547 -0.004483 0.016322
v -0.019547 -0.003316 0.015254
v -0.017898 -0.007026 0.015582
v -0.018306 -0.004483 0.016568
v -0.017898 -0.003316 0.015582
v -0.016499 -0.007026 0.016516
v -0.017254 -0.004483 0.017271
v -0.016499 -0.003316 0.016516
v -0.015565 -0.007026 0.017914
v -0.016552 -0.004483 0.018323
v -0.015565 -0.003316 0.017914
v -0.016305 -0.003316 0.019564
v -0.019547 -0.003316 0.016322
v -0.022789 -0.003316 0.019564
v -0.019547 -0.003316 0.022806
v -0.021839 -0.003316 0.017271
v -0.020788 -0.003316 0.016568
v -0.018306 -0.003316 0.016568
v -0.016552 -0.003316 0.018323
v -0.017254 -0.003316 0.021856
v -0.016552 -0.003316 0.020804
v -0.017254 -0.003316 0.017271
v -0.022542 -0.003316 0.018323
v -0.022542 -0.003316 0.020804
v -0.020788 -0.003316 0.022559
v -0.018306 -0.003316 0.022559
v -0.021839 -0.003316 0.021856
v -0.056999 -0.007026 0.044906
v -0.057487 -0.004483 0.043956
v -0.056999 -0.003316 0.044906
v -0.058617 -0.007026 0.045367
v -0.058703 -0.004483 0.044303
v -0.058617 -0.003316 0.045367
v -0.060287 -0.007026 0.045174
v -0.059960 -0.004483 0.044157
v -0.060287 -0.003316 0.045174
v -0.061757 -0.007026 0.044356
v -0.061065 -0.004483 0.043542
v -0.061757 -0.003316 0.044356
v -0.062801 -0.007026 0.043038
v -0.061851 -0.004483 0.042551
v -0.062801 -0.003316 0.043038
v -0.063262 -0.007026 0.041421
v -0.062197 -0.004483 0.041334
v -0.063262 -0.003316 0.041421
v -0.063069 -0.007026 0.039750
v -0.062052 -0.004483 0.040078
v -0.063069 -0.003316 0.039750
v -0.062251 -0.007026 0.038281
v -0.061437 -0.004483 0.038972
v -0.062251 -0.003316 0.038281
v -0.060933 -0.007026 0.037236
v -0.060445 -0.004483 0.038186
v -0.060933 -0.003316 0.037236
v -0.059316 -0.007026 0.036775
v -0.059229 -0.004483 0.037840
v -0.059316 -0.003316 0.036775
v -0.057645 -0.007026 0.036969
v -0.057972 -0.004483 0.037985
v -0.057645 -0.003316 0.036969
v -0.056176 -0.007026 0.037786
v -0.056867 -0.004483 0.038600
v -0.056176 -0.003316 0.037786
v -0.055131 -0.007026 0.039104
v -0.056081 -0.004483 0.039592
v -0.055131 -0.003316 0.039104
v -0.054670 -0.007026 0.040722
v -0.055735 -0.004483 0.040808
v -0.054670 -0.003316 0.040722
v -0.054863 -0.007026 0.042392
v -0.055880 -0.004483 0.042065
v -0.054863 -0.003316 0.042392
v -0.055681 -0.007026 0.043862
v -0.056495 -0.004483 0.043170
v -0.055681 -0.003316 0.043862
v -0.057487 -0.003316 0.043956
v -0.056081 -0.003316 0.039592
v -0.060445 -0.003316 0.038186
v -0.061851 -0.003316 0.042551
v -0.057972 -0.003316 0.037985
v -0.056867 -0.003316 0.038600
v -0.055735 -0.003316 0.040808
v -0.056495 -0.003316 0.043170
v -0.059960 -0.003316 0.044157
v -0.058703 -0.003316 0.044303
v -0.055880 -0.003316 0.042065
v -0.059229 -0.003316 0.037840
v -0.061437 -0.003316 0.038972
v -0.062197 -0.003316 0.041334
v -0.061065 -0.003316 0.043542
v -0.062052 -0.003316 0.040078
v -0.078915 -0.008230 0.036120
v -0.079015 -0.005688 0.035057
v -0.078915 -0.004521 0.036120
v -0.080588 -0.008230 0.035947
v -0.080273 -0.005688 0.034926
v -0.080588 -0.004521 0.035947
v -0.082067 -0.008230 0.035147
v -0.081385 -0.005688 0.034325
v -0.082067 -0.004521 0.035147
v -0.083128 -0.008230 0.033842
v -0.082183 -0.005688 0.033343
v -0.083128 -0.004521 0.033842
v -0.083608 -0.008230 0.032230
v -0.082544 -0.005688 0.032131
v -0.083608 -0.004521 0.032230
v -0.083435 -0.008230 0.030557
v -0.082414 -0.005688 0.030872
v -0.083435 -0.004521 0.030557
v -0.082635 -0.008230 0.029078
v -0.081813 -0.005688 0.029760
v -0.082635 -0.004521 0.029078
v -0.081330 -0.008230 0.028018
v -0.080831 -0.005688 0.028962
v -0.081330 -0.004521 0.028018
v -0.079718 -0.008230 0.027537
v -0.079619 -0.005688 0.028601
v -0.079718 -0.004521 0.027537
v -0.078045 -0.008230 0.027710
v -0.078360 -0.005688 0.028731
v -0.078045 -0.004521 0.027710
v -0.076566 -0.008230 0.028510
v -0.077248 -0.005688 0.029333
v -0.076566 -0.004521 0.028510
v -0.075506 -0.008230 0.029815
v -0.076450 -0.005688 0.030314
v -0.075506 -0.004521 0.029815
v -0.075025 -0.008230 0.031427
v -0.076089 -0.005688 0.031527
v -0.075025 -0.004521 0.031427
v -0.075198 -0.008230 0.033100
v -0.076219 -0.005688 0.032785
v -0.075198 -0.004521 0.033100
v -0.075998 -0.008230 0.034579
v -0.076820 -0.005688 0.033898
v -0.075998 -0.004521 0.034579
v -0.077303 -0.008230 0.035640
v -0.077802 -0.005688 0.034695
v -0.077303 -0.004521 0.035640
v -0.079015 -0.004521 0.035057
v -0.076089 -0.004521 0.031527
v -0.079619 -0.004521 0.028601
v -0.082544 -0.004521 0.032131
v -0.077248 -0.004521 0.029333
v -0.076450 -0.004521 0.030314
v -0.076219 -0.004521 0.032785
v -0.077802 -0.004521 0.034695
v -0.081385 -0.004521 0.034325
v -0.080273 -0.004521 0.034926
v -0.076820 -0.004521 0.033898
v -0.078360 -0.004521 0.028731
v -0.080831 -0.004521 0.028962
v -0.082414 -0.004521 0.030872
v -0.082183 -0.004521 0.033343
v -0.081813 -0.004521 0.029760
v -0.080071 -0.015811 -0.053854
v -0.080071 -0.011383 -0.053854
v -0.080071 -0.018032 -0.048162
v -0.080071 -0.009162 -0.048162
v -0.030960 -0.015811 -0.053854
v -0.030960 -0.011383 -0.053854
v -0.030960 -0.018032 -0.048162
v -0.030960 -0.009162 -0.048162
v -0.036731 -0.018032 -0.048162
v -0.074300 -0.018032 -0.048162
v -0.074300 -0.009162 -0.048162
v -0.036731 -0.009162 -0.048162
v -0.074300 -0.016382 -0.053854
v -0.036731 -0.016382 -0.053854
v -0.036731 -0.010812 -0.053854
v -0.074300 -0.010812 -0.053854
v -0.080071 -0.009162 -0.021235
v -0.080071 -0.018032 -0.021235
v -0.074300 -0.018032 -0.021235
v -0.036731 -0.009162 -0.021235
v -0.030960 -0.009162 -0.021235
v -0.030960 -0.018032 -0.021235
v -0.036731 -0.018032 -0.021235
v -0.074300 -0.009162 -0.021235
v -0.030960 -0.015811 0.055223
v -0.030960 -0.011383 0.055223
v -0.030960 -0.018032 0.049530
v -0.030960 -0.009162 0.049530
v -0.080071 -0.015811 0.055223
v -0.080071 -0.011383 0.055223
v -0.080071 -0.018032 0.049530
v -0.080071 -0.009162 0.049530
v -0.074300 -0.018032 0.049530
v -0.036731 -0.018032 0.049530
v -0.036731 -0.009162 0.049530
v -0.074300 -0.009162 0.049530
v -0.036731 -0.016382 0.055223
v -0.074300 -0.016382 0.055223
v -0.074300 -0.010812 0.055223
v -0.036731 -0.010812 0.055223
v -0.030960 -0.009162 0.022603
v -0.030960 -0.018032 0.022603
v -0.036731 -0.018032 0.022603
v -0.074300 -0.009162 0.022603
v -0.080071 -0.009162 0.022603
v -0.080071 -0.018032 0.022603
v -0.074300 -0.018032 0.022603
v -0.036731 -0.009162 0.022603
vn 0.2588 -0.0000 -0.9659
vn 0.7071 -0.0000 -0.7071
vn 0.9659 -0.0000 -0.2588
vn 0.9659 -0.0000 0.2588
vn 0.7071 -0.0000 0.7071
vn 0.2588 -0.0000 0.9659
vn -0.2588 -0.0000 0.9659
vn -0.7071 -0.0000 0.7071
vn -0.9659 -0.0000 0.2588
vn -0.9659 -0.0000 -0.2588
vn -0.0000 1.0000 -0.0000
vn -0.7071 -0.0000 -0.7071
vn -0.2588 -0.0000 -0.9659
vn -0.0000 -1.0000 -0.0000
vn 0.0975 -0.9808 -0.1690
vn 0.2778 -0.8315 -0.4811
vn 0.4157 -0.5556 -0.7201
vn 0.4904 -0.1951 -0.8494
vn 0.4904 0.1951 -0.8494
vn 0.4157 0.5556 -0.7201
vn 0.2778 0.8315 -0.4811
vn 0.0975 0.9808 -0.1690
vn -0.0975 0.9808 0.1690
vn -0.2778 0.8315 0.4811
vn -0.4157 0.5556 0.7201
vn -0.4904 0.1951 0.8494
vn -0.4904 -0.1951 0.8494
vn -0.4157 -0.5556 0.7201
vn -0.2323 -0.9686 0.0884
vn -0.2778 -0.8315 0.4811
vn -0.0975 -0.9808 0.1689
vn 0.8660 -0.0000 0.5000
vn -0.2104 -0.8290 0.5181
vn 0.3483 -0.1927 -0.9174
vn -0.2323 0.9686 0.0884
vn -0.5465 -0.5487 0.6326
vn 0.1384 -0.8212 -0.5537
vn 0.1384 0.8212 -0.5537
vn -0.6203 0.1927 0.7603
vn 0.3483 0.1927 -0.9174
vn -0.4103 0.8211 0.3967
vn -0.4103 -0.8211 0.3967
vn 0.2746 -0.5487 -0.7897
vn -0.0396 0.9686 -0.2454
vn -0.0396 -0.9686 -0.2454
vn -0.6203 -0.1927 0.7603
vn 0.2746 0.5487 -0.7897
vn -0.5465 0.5487 0.6326
vn 0.8829 0.1636 -0.4402
vn 0.1638 0.9779 -0.1300
vn 0.1638 -0.9779 -0.1300
vn -0.0307 -0.9779 0.2069
vn -0.0307 0.9779 0.2069
vn 0.3435 -0.8290 -0.4413
vn -0.2104 0.8290 0.5181
vn 0.4811 -0.5539 -0.6795
vn -0.3480 0.5539 0.7564
vn 0.5555 -0.1945 -0.8084
vn -0.4224 0.1945 0.8853
vn 0.5555 0.1945 -0.8084
vn -0.4224 -0.1945 0.8853
vn 0.4811 0.5539 -0.6795
vn -0.3480 -0.5539 0.7564
vn 0.3435 0.8290 -0.4413
vn 0.0602 -0.1636 0.9847
vn 0.8202 0.4660 -0.3317
vn 0.1228 -0.4660 0.8762
vn 0.7045 0.6974 -0.1313
vn 0.2385 -0.6974 0.6758
vn 0.5533 0.8227 0.1305
vn 0.5533 -0.8227 0.1305
vn 0.3897 -0.8227 0.4139
vn 0.3897 0.8227 0.4139
vn 0.7045 -0.6974 -0.1313
vn 0.2385 0.6974 0.6758
vn 0.8202 -0.4660 -0.3317
vn 0.1228 0.4660 0.8762
vn 0.8829 -0.1636 -0.4402
vn 0.0602 0.1636 0.9847
vn -0.5374 -0.7888 0.2983
vn -0.0975 -0.9808 0.1690
vn -0.8660 -0.0000 -0.5000
vn -0.1813 0.9304 -0.3184
vn -0.1813 -0.9304 -0.3184
vn -0.3664 -0.9304 0.0022
vn -0.3664 0.9304 0.0022
vn -0.0103 -0.7888 -0.6146
vn -0.5374 0.7888 0.2983
vn 0.1205 -0.5271 -0.8412
vn -0.6683 0.5270 0.5250
vn 0.1913 -0.1851 -0.9639
vn -0.7391 0.1851 0.6477
vn 0.1913 0.1851 -0.9639
vn -0.7391 -0.1851 0.6477
vn 0.1205 0.5271 -0.8412
vn -0.6683 -0.5270 0.5250
vn -0.0103 0.7888 -0.6146
vn -0.9808 -0.0000 -0.1951
vn -0.8315 -0.0000 -0.5556
vn -0.5556 -0.0000 -0.8315
vn -0.1951 -0.0000 -0.9808
vn 0.1951 -0.0000 -0.9808
vn 0.5556 -0.0000 -0.8315
vn 0.8315 -0.0000 -0.5556
vn 0.9808 -0.0000 -0.1951
vn 0.9808 -0.0000 0.1951
vn 0.8315 -0.0000 0.5556
vn 0.5556 -0.0000 0.8315
vn 0.1951 -0.0000 0.9808
vn -0.1951 -0.0000 0.9808
vn -0.5556 -0.0000 0.8315
vn -0.8315 -0.0000 0.5556
vn -0.9808 -0.0000 0.1951
vn -0.2740 -0.0000 -0.9617
vn 0.1149 -0.0000 -0.9934
vn 0.4863 -0.0000 -0.8738
vn 0.7837 -0.0000 -0.6212
vn 0.9617 -0.0000 -0.2740
vn 0.9934 -0.0000 0.1149
vn 0.8738 -0.0000 0.4863
vn 0.6212 -0.0000 0.7837
vn 0.2740 -0.0000 0.9617
vn -0.1149 -0.0000 0.9934
vn -0.4863 -0.0000 0.8738
vn -0.7837 -0.0000 0.6212
vn -0.9617 -0.0000 0.2740
vn -0.9934 -0.0000 -0.1149
vn -0.8738 -0.0000 -0.4863
vn -0.6212 -0.0000 -0.7837
vn 0.1029 -0.0000 -0.9947
vn 0.4757 -0.0000 -0.8796
vn 0.7761 -0.0000 -0.6306
vn 0.9583 -0.0000 -0.2856
vn 0.9947 -0.0000 0.1029
vn 0.8796 -0.0000 0.4757
vn 0.6306 -0.0000 0.7761
vn 0.2856 -0.0000 0.9583
vn -0.1029 -0.0000 0.9947
vn -0.4757 -0.0000 0.8796
vn -0.7761 -0.0000 0.6306
vn -0.9583 -0.0000 0.2856
vn -0.9947 -0.0000 -0.1028
vn -0.8796 -0.0000 -0.4757
vn -0.6306 -0.0000 -0.7761
vn -0.2856 -0.0000 -0.9583
vn -0.9947 -0.0000 -0.1029
vn -0.0653 -0.0000 -0.9979
vn 0.9914 -0.0000 -0.1308
vn 0.8858 -0.0000 -0.4641
vn -0.2109 -0.0000 -0.9775
vn -0.3052 -0.0000 -0.9523
vn -0.9991 -0.0000 0.0419
vn -0.9236 -0.0000 0.3834
vn -0.5548 -0.0000 -0.8320
vn 0.7927 -0.0000 -0.6096
vn 0.5350 -0.0000 -0.8449
vn -0.6709 -0.0000 -0.7415
vn -0.7401 -0.0000 -0.6725
vn -0.8438 -0.0000 0.5366
vn -0.6080 -0.0000 0.7940
vn -0.4415 -0.0000 -0.8972
vn -0.8965 -0.0000 -0.4430
vn 0.3820 -0.0000 -0.9242
vn 0.0418 -0.0000 -0.9991
vn -0.9519 -0.0000 -0.3063
vn -0.9773 -0.0000 -0.2117
vn -0.4626 -0.0000 0.8866
vn -0.1302 -0.0000 0.9915
vn -0.8309 -0.0000 -0.5564
vn -0.9978 -0.0000 0.0655
vn -0.1302 -0.0000 -0.9915
vn -0.4626 -0.0000 -0.8866
vn -0.9773 -0.0000 0.2117
vn -0.9519 -0.0000 0.3063
vn 0.0418 -0.0000 0.9991
vn 0.3820 -0.0000 0.9242
vn -0.9978 -0.0000 -0.0655
vn -0.8309 -0.0000 0.5564
vn -0.6080 -0.0000 -0.7940
vn -0.8438 -0.0000 -0.5366
vn -0.7401 -0.0000 0.6725
vn -0.6709 -0.0000 0.7415
vn 0.5350 -0.0000 0.8448
vn 0.7927 -0.0000 0.6096
vn -0.8965 -0.0000 0.4430
vn -0.4416 -0.0000 0.8972
vn -0.9236 -0.0000 -0.3834
vn -0.9991 -0.0000 -0.0419
vn -0.3051 -0.0000 0.9523
vn -0.2109 -0.0000 0.9775
vn 0.8858 -0.0000 0.4641
vn 0.9914 -0.0000 0.1308
vn -0.5548 -0.0000 0.8320
vn 0.0653 -0.0000 0.9979
vn -0.9914 -0.0000 0.1308
vn -0.8858 -0.0000 0.4641
vn 0.2109 -0.0000 0.9775
vn 0.3051 -0.0000 0.9523
vn 0.9991 -0.0000 -0.0419
vn 0.9236 -0.0000 -0.3834
vn -0.0653 -0.0000 0.9979
vn 0.5548 -0.0000 0.8320
vn -0.7927 -0.0000 0.6096
vn -0.5350 -0.0000 0.8449
vn 0.6709 -0.0000 0.7415
vn 0.7401 -0.0000 0.6725
vn 0.8438 -0.0000 -0.5366
vn 0.6080 -0.0000 -0.7940
vn 0.4415 -0.0000 0.8972
vn 0.8965 -0.0000 0.4430
vn -0.3820 -0.0000 0.9242
vn -0.0418 -0.0000 0.9991
vn 0.9519 -0.0000 0.3063
vn 0.9773 -0.0000 0.2117
vn 0.4626 -0.0000 -0.8866
vn 0.1302 -0.0000 -0.9915
vn 0.8309 -0.0000 0.5564
vn 0.9978 -0.0000 -0.0655
vn 0.1302 -0.0000 0.9915
vn 0.4626 -0.0000 0.8866
vn 0.9773 -0.0000 -0.2117
vn 0.9519 -0.0000 -0.3063
vn -0.0418 -0.0000 -0.9991
vn -0.3820 -0.0000 -0.9242
vn 0.9978 -0.0000 0.0655
vn 0.8309 -0.0000 -0.5564
vn 0.6080 -0.0000 0.7940
vn 0.8438 -0.0000 0.5366
vn 0.7401 -0.0000 -0.6725
vn 0.6709 -0.0000 -0.7415
vn -0.5350 -0.0000 -0.8448
vn -0.7927 -0.0000 -0.6096
vn 0.8965 -0.0000 -0.4430
vn 0.4416 -0.0000 -0.8972
vn 0.9236 -0.0000 0.3834
vn 0.9991 -0.0000 0.0420
vn 0.3051 -0.0000 -0.9523
vn 0.2109 -0.0000 -0.9775
vn -0.8858 -0.0000 -0.4641
vn -0.9914 -0.0000 -0.1308
vn 0.5548 -0.0000 -0.8320
vn 0.0653 -0.0000 -0.9979
vn 0.1947 -0.0000 0.9809
vn 0.3208 -0.0000 0.9471
vn 0.6586 -0.0000 0.7525
vn 0.7512 -0.0000 0.6601
vn 0.9467 -0.0000 0.3220
vn 0.9807 -0.0000 0.1955
vn 0.9978 -0.0000 0.0656
vn 0.9978 -0.0000 -0.0656
vn 0.9807 -0.0000 -0.1955
vn 0.9467 -0.0000 -0.3220
vn 0.7512 -0.0000 -0.6601
vn 0.6585 -0.0000 -0.7525
vn 0.4415 -0.0000 -0.8972
vn 0.3208 -0.0000 -0.9471
vn 0.1947 -0.0000 -0.9809
vn -0.1947 -0.0000 -0.9809
vn -0.3208 -0.0000 -0.9471
vn -0.6586 -0.0000 -0.7525
vn -0.7512 -0.0000 -0.6601
vn -0.9467 -0.0000 -0.3220
vn -0.9807 -0.0000 -0.1955
vn -0.9807 -0.0000 0.1955
vn -0.9467 -0.0000 0.3220
vn -0.7512 -0.0000 0.6601
vn -0.6585 -0.0000 0.7525
vn -0.4415 -0.0000 0.8972
vn -0.3208 -0.0000 0.9471
vn -0.1947 -0.0000 0.9809
vn 0.2323 -0.9686 -0.0884
vn 0.2104 -0.8290 -0.5181
vn -0.3483 -0.1927 0.9173
vn 0.2323 0.9686 -0.0884
vn 0.5466 -0.5487 -0.6326
vn -0.1384 -0.8212 0.5537
vn -0.1384 0.8212 0.5537
vn 0.6203 0.1927 -0.7603
vn -0.3483 0.1927 0.9173
vn 0.4103 0.8212 -0.3967
vn 0.4103 -0.8212 -0.3967
vn -0.2746 -0.5487 0.7896
vn 0.0396 0.9686 0.2454
vn 0.0396 -0.9686 0.2454
vn 0.6203 -0.1927 -0.7603
vn -0.2746 0.5487 0.7896
vn 0.5466 0.5487 -0.6326
vn -0.8828 0.1636 0.4402
vn -0.1638 0.9779 0.1300
vn -0.1638 -0.9779 0.1300
vn 0.0307 -0.9779 -0.2069
vn 0.0307 0.9779 -0.2069
vn -0.3435 -0.8290 0.4413
vn 0.2104 0.8290 -0.5181
vn -0.4811 -0.5539 0.6795
vn 0.3480 0.5539 -0.7564
vn -0.5555 -0.1945 0.8085
vn 0.4224 0.1945 -0.8853
vn -0.5555 0.1945 0.8085
vn 0.4224 -0.1945 -0.8853
vn -0.4811 0.5539 0.6795
vn 0.3480 -0.5539 -0.7564
vn -0.3435 0.8290 0.4413
vn -0.0602 -0.1636 -0.9847
vn -0.8202 0.4660 0.3318
vn -0.1228 -0.4660 -0.8762
vn -0.7045 0.6974 0.1313
vn -0.2385 -0.6974 -0.6758
vn -0.5533 0.8227 -0.1305
vn -0.5533 -0.8227 -0.1305
vn -0.3897 -0.8227 -0.4139
vn -0.3897 0.8227 -0.4139
vn -0.7045 -0.6974 0.1313
vn -0.2385 0.6974 -0.6758
vn -0.8202 -0.4660 0.3318
vn -0.1228 0.4660 -0.8762
vn -0.8828 -0.1636 0.4402
vn -0.0602 0.1636 -0.9847
vn 0.5374 -0.7888 -0.2983
vn 0.1813 0.9304 0.3184
vn 0.1813 -0.9304 0.3184
vn 0.3664 -0.9304 -0.0022
vn 0.3664 0.9304 -0.0022
vn 0.0103 -0.7888 0.6146
vn 0.5374 0.7888 -0.2983
vn -0.1205 -0.5271 0.8412
vn 0.6683 0.5270 -0.5250
vn -0.1913 -0.1851 0.9639
vn 0.7391 0.1851 -0.6477
vn -0.1913 0.1851 0.9639
vn 0.7391 -0.1851 -0.6477
vn -0.1205 0.5271 0.8412
vn 0.6683 -0.5270 -0.5250
vn 0.0103 0.7888 0.6146
vn 0.9947 -0.0000 0.1028
vn -1.0000 -0.0000 -0.0000
vn 1.0000 -0.0000 -0.0000
vn -0.0000 -0.0000 -1.0000
vn 0.0468 -0.9457 -0.3215
vn -0.0468 0.9457 -0.3215
vn 0.0468 0.9457 -0.3215
vn -0.0000 0.9605 -0.2784
vn -0.0468 -0.9457 -0.3215
vn -0.0000 -0.9605 -0.2784
vn -0.0000 -0.0000 1.0000
vn -0.0468 -0.9457 0.3215
vn 0.0468 0.9457 0.3215
vn -0.0468 0.9457 0.3215
vn -0.0000 0.9605 0.2784
vn 0.0468 -0.9457 0.3215
vn -0.0000 -0.9605 0.2784
vt 1.000000 0.500000
vt 1.000000 1.000000
vt 0.916667 1.000000
vt 0.916667 0.500000
vt 0.833333 1.000000
vt 0.833333 0.500000
vt 0.750000 1.000000
vt 0.750000 0.500000
vt 0.666667 1.000000
vt 0.666667 0.500000
vt 0.583333 1.000000
vt 0.583333 0.500000
vt 0.500000 1.000000
vt 0.500000 0.500000
vt 0.416667 1.000000
vt 0.416667 0.500000
vt 0.333333 1.000000
vt 0.333333 0.500000
vt 0.250000 1.000000
vt 0.250000 0.500000
vt 0.166667 1.000000
vt 0.166667 0.500000
vt 0.370000 0.457846
vt 0.250000 0.490000
vt 0.130000 0.457846
vt 0.042154 0.370000
vt 0.010000 0.250000
vt 0.042154 0.130000
vt 0.130000 0.042154
vt 0.250000 0.010000
vt 0.370000 0.042154
vt 0.457846 0.130000
vt 0.490000 0.250000
vt 0.457846 0.370000
vt 0.083333 1.000000
vt 0.083333 0.500000
vt 0.000000 1.000000
vt 0.000000 0.500000
vt 0.750000 0.490000
vt 0.870000 0.457846
vt 0.957846 0.370000
vt 0.990000 0.250000
vt 0.957846 0.130000
vt 0.870000 0.042154
vt 0.750000 0.010000
vt 0.630000 0.042154
vt 0.542154 0.130000
vt 0.510000 0.250000
vt 0.542154 0.370000
vt 0.630000 0.457846
vt 0.937500 1.000000
vt 0.937500 0.500000
vt 0.875000 1.000000
vt 0.875000 0.500000
vt 0.812500 1.000000
vt 0.812500 0.500000
vt 0.750000 1.000000
vt 0.750000 0.500000
vt 0.687500 1.000000
vt 0.687500 0.500000
vt 0.625000 1.000000
vt 0.625000 0.500000
vt 0.562500 1.000000
vt 0.562500 0.500000
vt 0.500000 1.000000
vt 0.500000 0.500000
vt 0.437500 1.000000
vt 0.437500 0.500000
vt 0.375000 1.000000
vt 0.375000 0.500000
vt 0.312500 1.000000
vt 0.312500 0.500000
vt 0.250000 1.000000
vt 0.250000 0.500000
vt 0.187500 1.000000
vt 0.187500 0.500000
vt 0.125000 1.000000
vt 0.125000 0.500000
vt 0.000000 1.000000
vt 0.062500 1.000000
vt 0.062500 0.500000
vt 0.000000 0.500000
vt 0.841844 0.471731
vt 0.919706 0.419706
vt 0.971731 0.341844
vt 0.971731 0.158156
vt 0.919706 0.080294
vt 0.841844 0.028269
vt 0.658156 0.028269
vt 0.580294 0.080294
vt 0.528269 0.158156
vt 0.528269 0.341844
vt 0.580294 0.419706
vt 0.658156 0.471731
vt 0.341844 0.471731
vt 0.158156 0.471731
vt 0.080294 0.419706
vt 0.028269 0.341844
vt 0.028269 0.158156
vt 0.080294 0.080294
vt 0.158156 0.028269
vt 0.341844 0.028269
vt 0.419706 0.080294
vt 0.471731 0.158156
vt 0.471731 0.341844
vt 0.419706 0.419706
vt 0.122348 0.122348
vt 0.377652 0.122348
vt 0.319085 0.083214
vt 0.250000 0.069472
vt 0.180915 0.083214
vt 0.083214 0.180915
vt 0.069472 0.250000
vt 0.083214 0.319085
vt 0.122348 0.377652
vt 0.180915 0.416786
vt 0.250000 0.430528
vt 0.319085 0.416786
vt 0.377652 0.377652
vt 0.416786 0.319085
vt 0.430528 0.250000
vt 0.416786 0.180915
vt 1.000000 0.565765
vt 0.937500 0.565764
vt 0.875000 0.565764
vt 0.812500 0.565765
vt 0.750000 0.565765
vt 0.687500 0.565764
vt 0.625000 0.565764
vt 0.562500 0.565765
vt 0.500000 0.565765
vt 0.437500 0.565764
vt 0.375000 0.565764
vt 0.312500 0.565765
vt 0.250000 0.565765
vt 0.187500 0.565764
vt 0.125000 0.565764
vt 0.062500 0.565765
vt 0.000000 0.565764
vt 0.000000 0.000000
vt 0.375000 0.000000
vt 0.375000 0.250000
vt 0.625000 0.250000
vt 0.625000 0.000000
vt 0.625000 0.333333
vt 0.375000 0.333333
vt 0.375000 0.750000
vt 0.625000 0.750000
vt 0.375000 0.916667
vt 0.625000 0.916667
vt 0.291667 0.500000
vt 0.291667 0.750000
vt 0.791667 0.500000
vt 0.791667 0.750000
vt 0.875000 0.750000
vt 0.708333 0.750000
vt 0.708333 0.500000
vt 0.125000 0.750000
vt 0.208333 0.750000
vt 0.208333 0.500000
vt 0.375000 0.833333
vt 0.625000 0.833333
vt 0.375000 0.416667
vt 0.625000 0.416667
s 0
usemtl Orange3DPrint
f 1/1/1 2/2/1 4/3/1 3/4/1
f 3/4/2 4/3/2 6/5/2 5/6/2
f 5/6/3 6/5/3 8/7/3 7/8/3
f 7/8/4 8/7/4 10/9/4 9/10/4
f 9/10/5 10/9/5 12/11/5 11/12/5
f 11/12/6 12/11/6 14/13/6 13/14/6
f 13/14/7 14/13/7 16/15/7 15/16/7
f 15/16/8 16/15/8 18/17/8 17/18/8
f 17/18/9 18/17/9 20/19/9 19/20/9
f 19/20/10 20/19/10 22/21/10 21/22/10
f 4/23/11 2/24/11 24/25/11 22/26/11 20/27/11 18/28/11 16/29/11 14/30/11 12/31/11 10/32/11 8/33/11 6/34/11
f 21/22/12 22/21/12 24/35/12 23/36/12
f 23/36/13 24/35/13 2/37/13 1/38/13
f 1/39/14 3/40/14 5/41/14 7/42/14 9/43/14 11/44/14 13/45/14 15/46/14 17/47/14 19/48/14 21/49/14 23/50/14
f 25/1/15 26/2/15 28/51/15 27/52/15
f 27/52/16 28/51/16 30/53/16 29/54/16
f 29/54/17 30/53/17 32/55/17 31/56/17
f 31/56/18 32/55/18 34/57/18 33/58/18
f 33/58/19 34/57/19 36/59/19 35/60/19
f 35/60/20 36/59/20 38/61/20 37/62/20
f 37/62/21 38/61/21 40/63/21 39/64/21
f 39/64/22 40/63/22 42/65/22 41/66/22
f 41/66/23 42/65/23 44/67/23 43/68/23
f 43/68/24 44/67/24 46/69/24 45/70/24
f 45/70/25 46/69/25 48/71/25 47/72/25
f 47/72/26 48/71/26 50/73/26 49/74/26
f 49/74/27 50/73/27 52/75/27 51/76/27
f 51/76/28 52/75/28 54/77/28 53/78/28
f 26/79/29 56/80/29 72/80/29 58/79/29
f 53/78/30 54/77/30 56/80/30 55/81/30
f 55/81/31 56/80/31 26/79/31 25/82/31
f 25/39/32 27/83/32 29/84/32 31/85/32 33/42/32 35/86/32 37/87/32 39/88/32 41/45/32 43/89/32 45/90/32 47/91/32 49/48/32 51/92/32 53/93/32 55/94/32
f 72/80/33 71/77/33 87/77/33 88/80/33
f 34/57/34 32/55/34 60/55/34 61/57/34
f 44/67/35 42/65/35 65/65/35 66/67/35
f 54/77/36 52/75/36 70/75/36 71/77/36
f 30/53/37 28/51/37 57/51/37 59/53/37
f 40/63/38 38/61/38 63/61/38 64/63/38
f 50/73/39 48/71/39 68/71/39 69/73/39
f 36/59/40 34/57/40 61/57/40 62/59/40
f 46/69/41 44/67/41 66/67/41 67/69/41
f 56/80/42 54/77/42 71/77/42 72/80/42
f 32/55/43 30/53/43 59/53/43 60/55/43
f 42/65/44 40/63/44 64/63/44 65/65/44
f 28/51/45 26/2/45 58/2/45 57/51/45
f 52/75/46 50/73/46 69/73/46 70/75/46
f 38/61/47 36/59/47 62/59/47 63/61/47
f 48/71/48 46/69/48 67/69/48 68/71/48
f 78/59/49 77/57/49 93/57/49 94/59/49
f 65/65/50 64/63/50 80/63/50 81/65/50
f 57/51/51 58/2/51 74/2/51 73/51/51
f 58/79/52 72/80/52 88/80/52 74/79/52
f 66/67/53 65/65/53 81/65/53 82/67/53
f 59/53/54 57/51/54 73/51/54 75/53/54
f 67/69/55 66/67/55 82/67/55 83/69/55
f 60/55/56 59/53/56 75/53/56 76/55/56
f 68/71/57 67/69/57 83/69/57 84/71/57
f 61/57/58 60/55/58 76/55/58 77/57/58
f 69/73/59 68/71/59 84/71/59 85/73/59
f 62/59/60 61/57/60 77/57/60 78/59/60
f 70/75/61 69/73/61 85/73/61 86/75/61
f 63/61/62 62/59/62 78/59/62 79/61/62
f 71/77/63 70/75/63 86/75/63 87/77/63
f 64/63/64 63/61/64 79/61/64 80/63/64
f 99/69/24 98/67/24 114/67/24 115/69/24
f 86/75/65 85/73/65 101/73/65 102/75/65
f 79/61/66 78/59/66 94/59/66 95/61/66
f 87/77/67 86/75/67 102/75/67 103/77/67
f 80/63/68 79/61/68 95/61/68 96/63/68
f 88/80/69 87/77/69 103/77/69 104/80/69
f 81/65/70 80/63/70 96/63/70 97/65/70
f 73/51/71 74/2/71 90/2/71 89/51/71
f 74/79/72 88/80/72 104/80/72 90/79/72
f 82/67/73 81/65/73 97/65/73 98/67/73
f 75/53/74 73/51/74 89/51/74 91/53/74
f 83/69/75 82/67/75 98/67/75 99/69/75
f 76/55/76 75/53/76 91/53/76 92/55/76
f 84/71/77 83/69/77 99/69/77 100/71/77
f 77/57/78 76/55/78 92/55/78 93/57/78
f 85/73/79 84/71/79 100/71/79 101/73/79
f 120/80/80 119/77/80 135/77/80 136/80/80
f 92/55/17 91/53/17 107/53/17 108/55/17
f 100/71/25 99/69/25 115/69/25 116/71/25
f 93/57/18 92/55/18 108/55/18 109/57/18
f 101/73/26 100/71/26 116/71/26 117/73/26
f 94/59/19 93/57/19 109/57/19 110/59/19
f 102/75/27 101/73/27 117/73/27 118/75/27
f 95/61/20 94/59/20 110/59/20 111/61/20
f 103/77/28 102/75/28 118/75/28 119/77/28
f 96/63/21 95/61/21 111/61/21 112/63/21
f 104/80/30 103/77/30 119/77/30 120/80/30
f 97/65/22 96/63/22 112/63/22 113/65/22
f 89/51/15 90/2/15 106/2/15 105/51/15
f 90/79/81 104/80/81 120/80/81 106/79/81
f 98/67/23 97/65/23 113/65/23 114/67/23
f 91/53/16 89/51/16 105/51/16 107/53/16
f 121/95/82 122/24/82 136/96/82 135/97/82 134/98/82 133/27/82 132/99/82 131/100/82 130/101/82 129/30/82 128/102/82 127/103/82 126/104/82 125/33/82 124/105/82 123/106/82
f 113/65/83 112/63/83 128/63/83 129/65/83
f 105/51/84 106/2/84 122/2/84 121/51/84
f 106/79/85 120/80/85 136/80/85 122/79/85
f 114/67/86 113/65/86 129/65/86 130/67/86
f 107/53/87 105/51/87 121/51/87 123/53/87
f 115/69/88 114/67/88 130/67/88 131/69/88
f 108/55/89 107/53/89 123/53/89 124/55/89
f 116/71/90 115/69/90 131/69/90 132/71/90
f 109/57/91 108/55/91 124/55/91 125/57/91
f 117/73/92 116/71/92 132/71/92 133/73/92
f 110/59/93 109/57/93 125/57/93 126/59/93
f 118/75/94 117/73/94 133/73/94 134/75/94
f 111/61/95 110/59/95 126/59/95 127/61/95
f 119/77/96 118/75/96 134/75/96 135/77/96
f 112/63/97 111/61/97 127/61/97 128/63/97
f 137/1/98 139/2/98 142/51/98 140/52/98
f 140/52/99 142/51/99 145/53/99 143/54/99
f 143/54/100 145/53/100 148/55/100 146/56/100
f 146/56/101 148/55/101 151/57/101 149/58/101
f 149/58/102 151/57/102 154/59/102 152/60/102
f 152/60/103 154/59/103 157/61/103 155/62/103
f 155/62/104 157/61/104 160/63/104 158/64/104
f 158/64/105 160/63/105 163/65/105 161/66/105
f 161/66/106 163/65/106 166/67/106 164/68/106
f 164/68/107 166/67/107 169/69/107 167/70/107
f 167/70/108 169/69/108 172/71/108 170/72/108
f 170/72/109 172/71/109 175/73/109 173/74/109
f 173/74/110 175/73/110 178/75/110 176/76/110
f 176/76/111 178/75/111 181/77/111 179/78/111
f 189/107/11 169/100/11 166/101/11 163/30/11 160/102/11 157/103/11 200/108/11 197/109/11 187/110/11 196/111/11
f 157/103/11 154/104/11 151/33/11 148/105/11 145/106/11 142/95/11 139/24/11 184/96/11 181/97/11 178/98/11 175/27/11 172/99/11 169/100/11 189/107/11 190/112/11 186/113/11 191/114/11 195/115/11 192/116/11 185/117/11 194/118/11 193/119/11 199/120/11 188/121/11 198/122/11 200/108/11
f 179/78/112 181/77/112 184/80/112 182/81/112
f 182/81/113 184/80/113 139/79/113 137/82/113
f 182/94/14 137/39/14 140/83/14 143/84/14 146/85/14 149/42/14 152/86/14 155/87/14 158/88/14 161/45/14 164/89/14 167/90/14 170/91/14 173/48/14 176/92/14 179/93/14
f 185/123/106 138/1/106 141/52/106 194/124/106
f 194/124/107 141/52/107 144/54/107 193/125/107
f 144/54/108 147/56/108 199/126/108 193/125/108
f 147/56/109 150/58/109 188/127/109 199/126/109
f 150/58/110 153/60/110 198/128/110 188/127/110
f 153/60/111 156/62/111 200/129/111 198/128/111
f 156/62/112 159/64/112 197/130/112 200/129/112
f 159/64/113 162/66/113 187/131/113 197/130/113
f 162/66/98 165/68/98 196/132/98 187/131/98
f 165/68/99 168/70/99 189/133/99 196/132/99
f 189/133/100 168/70/100 171/72/100 190/134/100
f 190/134/101 171/72/101 174/74/101 186/135/101
f 186/135/102 174/74/102 177/76/102 191/136/102
f 191/136/103 177/76/103 180/78/103 195/137/103
f 195/137/104 180/78/104 183/81/104 192/138/104
f 192/138/105 183/81/105 138/82/105 185/139/105
f 177/92/11 174/48/11 171/91/11 168/90/11 165/89/11 162/45/11 159/88/11 156/87/11 153/86/11 150/42/11 147/85/11 144/84/11 141/83/11 138/39/11 183/94/11 180/93/11
f 201/1/114 203/2/114 206/51/114 204/52/114
f 204/52/115 206/51/115 209/53/115 207/54/115
f 207/54/116 209/53/116 212/55/116 210/56/116
f 210/56/117 212/55/117 215/57/117 213/58/117
f 213/58/118 215/57/118 218/59/118 216/60/118
f 216/60/119 218/59/119 221/61/119 219/62/119
f 219/62/120 221/61/120 224/63/120 222/64/120
f 222/64/121 224/63/121 227/65/121 225/66/121
f 225/66/122 227/65/122 230/67/122 228/68/122
f 228/68/123 230/67/123 233/69/123 231/70/123
f 231/70/124 233/69/124 236/71/124 234/72/124
f 234/72/125 236/71/125 239/73/125 237/74/125
f 237/74/126 239/73/126 242/75/126 240/76/126
f 240/76/127 242/75/127 245/77/127 243/78/127
f 253/107/11 233/100/11 230/101/11 227/30/11 224/102/11 221/103/11 264/108/11 261/109/11 251/110/11 260/111/11
f 221/103/11 218/104/11 215/33/11 212/105/11 209/106/11 206/95/11 203/24/11 248/96/11 245/97/11 242/98/11 239/27/11 236/99/11 233/100/11 253/107/11 254/112/11 250/113/11 255/114/11 259/115/11 256/116/11 249/117/11 258/118/11 257/119/11 263/120/11 252/121/11 262/122/11 264/108/11
f 243/78/128 245/77/128 248/80/128 246/81/128
f 246/81/129 248/80/129 203/79/129 201/82/129
f 246/94/14 201/39/14 204/83/14 207/84/14 210/85/14 213/42/14 216/86/14 219/87/14 222/88/14 225/45/14 228/89/14 231/90/14 234/91/14 237/48/14 240/92/14 243/93/14
f 249/123/122 202/1/122 205/52/122 258/124/122
f 258/124/123 205/52/123 208/54/123 257/125/123
f 208/54/124 211/56/124 263/126/124 257/125/124
f 211/56/125 214/58/125 252/127/125 263/126/125
f 214/58/126 217/60/126 262/128/126 252/127/126
f 217/60/127 220/62/127 264/129/127 262/128/127
f 220/62/128 223/64/128 261/130/128 264/129/128
f 223/64/129 226/66/129 251/131/129 261/130/129
f 226/66/114 229/68/114 260/132/114 251/131/114
f 229/68/115 232/70/115 253/133/115 260/132/115
f 253/133/116 232/70/116 235/72/116 254/134/116
f 254/134/117 235/72/117 238/74/117 250/135/117
f 250/135/118 238/74/118 241/76/118 255/136/118
f 255/136/119 241/76/119 244/78/119 259/137/119
f 259/137/120 244/78/120 247/81/120 256/138/120
f 256/138/121 247/81/121 202/82/121 249/139/121
f 241/92/11 238/48/11 235/91/11 232/90/11 229/89/11 226/45/11 223/88/11 220/87/11 217/86/11 214/42/11 211/85/11 208/84/11 205/83/11 202/39/11 247/94/11 244/93/11
f 265/1/130 267/2/130 270/51/130 268/52/130
f 268/52/131 270/51/131 273/53/131 271/54/131
f 271/54/132 273/53/132 276/55/132 274/56/132
f 274/56/133 276/55/133 279/57/133 277/58/133
f 277/58/134 279/57/134 282/59/134 280/60/134
f 280/60/135 282/59/135 285/61/135 283/62/135
f 283/62/136 285/61/136 288/63/136 286/64/136
f 286/64/137 288/63/137 291/65/137 289/66/137
f 289/66/138 291/65/138 294/67/138 292/68/138
f 292/68/139 294/67/139 297/69/139 295/70/139
f 295/70/140 297/69/140 300/71/140 298/72/140
f 298/72/141 300/71/141 303/73/141 301/74/141
f 301/74/142 303/73/142 306/75/142 304/76/142
f 304/76/143 306/75/143 309/77/143 307/78/143
f 317/107/11 297/100/11 294/101/11 291/30/11 288/102/11 285/103/11 328/108/11 325/109/11 315/110/11 324/111/11
f 285/103/11 282/104/11 279/33/11 276/105/11 273/106/11 270/95/11 267/24/11 312/96/11 309/97/11 306/98/11 303/27/11 300/99/11 297/100/11 317/107/11 318/112/11 314/113/11 319/114/11 323/115/11 320/116/11 313/117/11 322/118/11 321/119/11 327/120/11 316/121/11 326/122/11 328/108/11
f 307/78/144 309/77/144 312/80/144 310/81/144
f 310/81/145 312/80/145 267/79/145 265/82/145
f 310/94/14 265/39/14 268/83/14 271/84/14 274/85/14 277/42/14 280/86/14 283/87/14 286/88/14 289/45/14 292/89/14 295/90/14 298/91/14 301/48/14 304/92/14 307/93/14
f 313/123/138 266/1/138 269/52/138 322/124/138
f 322/124/139 269/52/139 272/54/139 321/125/139
f 272/54/140 275/56/140 327/126/140 321/125/140
f 275/56/141 278/58/141 316/127/141 327/126/141
f 278/58/146 281/60/146 326/128/146 316/127/146
f 281/60/143 284/62/143 328/129/143 326/128/143
f 284/62/144 287/64/144 325/130/144 328/129/144
f 287/64/145 290/66/145 315/131/145 325/130/145
f 290/66/130 293/68/130 324/132/130 315/131/130
f 293/68/131 296/70/131 317/133/131 324/132/131
f 317/133/132 296/70/132 299/72/132 318/134/132
f 318/134/133 299/72/133 302/74/133 314/135/133
f 314/135/134 302/74/134 305/76/134 319/136/134
f 319/136/135 305/76/135 308/78/135 323/137/135
f 323/137/136 308/78/136 311/81/136 320/138/136
f 320/138/137 311/81/137 266/82/137 313/139/137
f 305/92/11 302/48/11 299/91/11 296/90/11 293/89/11 290/45/11 287/88/11 284/87/11 281/86/11 278/42/11 275/85/11 272/84/11 269/83/11 266/39/11 311/94/11 308/93/11
s 1
f 333/140/14 329/140/14 330/140/14 334/140/14
f 334/140/14 330/140/14 331/140/14 335/140/14
f 335/140/14 331/140/14 332/140/14 336/140/14
f 337/140/14 334/140/14 335/140/14 338/140/14
f 338/140/14 335/140/14 336/140/14 339/140/14
f 340/140/14 337/140/14 338/140/14 341/140/14
f 341/140/14 338/140/14 339/140/14 342/140/14
f 343/140/11 347/140/11 348/140/11 344/140/11
f 344/140/11 348/140/11 349/140/11 345/140/11
f 345/140/11 349/140/11 350/140/11 346/140/11
f 348/140/11 351/140/11 352/140/11 349/140/11
f 349/140/11 352/140/11 353/140/11 350/140/11
f 351/140/11 354/140/11 355/140/11 352/140/11
f 352/140/11 355/140/11 356/140/11 353/140/11
f 347/140/147 333/140/147 334/140/147 348/140/147
f 348/140/148 334/140/148 337/140/148 351/140/148
f 351/140/149 337/140/149 340/140/149 354/140/149
f 354/140/150 340/140/150 341/140/150 355/140/150
f 355/140/151 341/140/151 342/140/151 356/140/151
f 356/140/152 342/140/152 339/140/152 353/140/152
f 353/140/153 339/140/153 336/140/153 350/140/153
f 361/140/14 357/140/14 358/140/14 362/140/14
f 362/140/14 358/140/14 359/140/14 363/140/14
f 363/140/14 359/140/14 360/140/14 364/140/14
f 365/140/14 362/140/14 363/140/14 366/140/14
f 366/140/14 363/140/14 364/140/14 367/140/14
f 368/140/14 365/140/14 366/140/14 369/140/14
f 369/140/14 366/140/14 367/140/14 370/140/14
f 371/140/11 375/140/11 376/140/11 372/140/11
f 372/140/11 376/140/11 377/140/11 373/140/11
f 373/140/11 377/140/11 378/140/11 374/140/11
f 376/140/11 379/140/11 380/140/11 377/140/11
f 377/140/11 380/140/11 381/140/11 378/140/11
f 379/140/11 382/140/11 383/140/11 380/140/11
f 380/140/11 383/140/11 384/140/11 381/140/11
f 375/140/154 361/140/154 362/140/154 376/140/154
f 376/140/155 362/140/155 365/140/155 379/140/155
f 379/140/156 365/140/156 368/140/156 382/140/156
f 382/140/157 368/140/157 369/140/157 383/140/157
f 383/140/158 369/140/158 370/140/158 384/140/158
f 384/140/159 370/140/159 367/140/159 381/140/159
f 381/140/160 367/140/160 364/140/160 378/140/160
f 332/140/14 357/140/14 361/140/14 336/140/14
f 336/140/161 361/140/161 375/140/161 350/140/161
f 350/140/11 375/140/11 371/140/11 346/140/11
f 389/140/14 385/140/14 386/140/14 390/140/14
f 390/140/14 386/140/14 387/140/14 391/140/14
f 391/140/14 387/140/14 388/140/14 392/140/14
f 393/140/14 390/140/14 391/140/14 394/140/14
f 394/140/14 391/140/14 392/140/14 395/140/14
f 396/140/14 393/140/14 394/140/14 397/140/14
f 397/140/14 394/140/14 395/140/14 398/140/14
f 399/140/11 403/140/11 404/140/11 400/140/11
f 400/140/11 404/140/11 405/140/11 401/140/11
f 401/140/11 405/140/11 406/140/11 402/140/11
f 404/140/11 407/140/11 408/140/11 405/140/11
f 405/140/11 408/140/11 409/140/11 406/140/11
f 407/140/11 410/140/11 411/140/11 408/140/11
f 408/140/11 411/140/11 412/140/11 409/140/11
f 403/140/162 389/140/162 390/140/162 404/140/162
f 404/140/163 390/140/163 393/140/163 407/140/163
f 407/140/164 393/140/164 396/140/164 410/140/164
f 410/140/165 396/140/165 397/140/165 411/140/165
f 411/140/166 397/140/166 398/140/166 412/140/166
f 412/140/167 398/140/167 395/140/167 409/140/167
f 409/140/168 395/140/168 392/140/168 406/140/168
f 360/140/14 385/140/14 389/140/14 364/140/14
f 364/140/169 389/140/169 403/140/169 378/140/169
f 378/140/11 403/140/11 399/140/11 374/140/11
f 417/140/14 413/140/14 414/140/14 418/140/14
f 418/140/14 414/140/14 415/140/14 419/140/14
f 419/140/14 415/140/14 416/140/14 420/140/14
f 421/140/14 418/140/14 419/140/14 422/140/14
f 422/140/14 419/140/14 420/140/14 423/140/14
f 424/140/14 421/140/14 422/140/14 425/140/14
f 425/140/14 422/140/14 423/140/14 426/140/14
f 427/140/11 431/140/11 432/140/11 428/140/11
f 428/140/11 432/140/11 433/140/11 429/140/11
f 429/140/11 433/140/11 434/140/11 430/140/11
f 432/140/11 435/140/11 436/140/11 433/140/11
f 433/140/11 436/140/11 437/140/11 434/140/11
f 435/140/11 438/140/11 439/140/11 436/140/11
f 436/140/11 439/140/11 440/140/11 437/140/11
f 431/140/170 417/140/170 418/140/170 432/140/170
f 432/140/171 418/140/171 421/140/171 435/140/171
f 435/140/172 421/140/172 424/140/172 438/140/172
f 438/140/173 424/140/173 425/140/173 439/140/173
f 439/140/174 425/140/174 426/140/174 440/140/174
f 440/140/175 426/140/175 423/140/175 437/140/175
f 437/140/176 423/140/176 420/140/176 434/140/176
f 388/140/14 413/140/14 417/140/14 392/140/14
f 392/140/177 417/140/177 431/140/177 406/140/177
f 406/140/11 431/140/11 427/140/11 402/140/11
f 445/140/14 441/140/14 442/140/14 446/140/14
f 446/140/14 442/140/14 443/140/14 447/140/14
f 447/140/14 443/140/14 444/140/14 448/140/14
f 449/140/14 446/140/14 447/140/14 450/140/14
f 450/140/14 447/140/14 448/140/14 451/140/14
f 452/140/14 449/140/14 450/140/14 453/140/14
f 453/140/14 450/140/14 451/140/14 454/140/14
f 455/140/11 459/140/11 460/140/11 456/140/11
f 456/140/11 460/140/11 461/140/11 457/140/11
f 457/140/11 461/140/11 462/140/11 458/140/11
f 460/140/11 463/140/11 464/140/11 461/140/11
f 461/140/11 464/140/11 465/140/11 462/140/11
f 463/140/11 466/140/11 467/140/11 464/140/11
f 464/140/11 467/140/11 468/140/11 465/140/11
f 459/140/178 445/140/178 446/140/178 460/140/178
f 460/140/179 446/140/179 449/140/179 463/140/179
f 463/140/180 449/140/180 452/140/180 466/140/180
f 466/140/181 452/140/181 453/140/181 467/140/181
f 467/140/182 453/140/182 454/140/182 468/140/182
f 468/140/183 454/140/183 451/140/183 465/140/183
f 465/140/184 451/140/184 448/140/184 462/140/184
f 416/140/14 441/140/14 445/140/14 420/140/14
f 420/140/185 445/140/185 459/140/185 434/140/185
f 434/140/11 459/140/11 455/140/11 430/140/11
f 473/140/14 469/140/14 470/140/14 474/140/14
f 474/140/14 470/140/14 471/140/14 475/140/14
f 475/140/14 471/140/14 472/140/14 476/140/14
f 477/140/14 474/140/14 475/140/14 478/140/14
f 478/140/14 475/140/14 476/140/14 479/140/14
f 480/140/14 477/140/14 478/140/14 481/140/14
f 481/140/14 478/140/14 479/140/14 482/140/14
f 483/140/11 487/140/11 488/140/11 484/140/11
f 484/140/11 488/140/11 489/140/11 485/140/11
f 485/140/11 489/140/11 490/140/11 486/140/11
f 488/140/11 491/140/11 492/140/11 489/140/11
f 489/140/11 492/140/11 493/140/11 490/140/11
f 491/140/11 494/140/11 495/140/11 492/140/11
f 492/140/11 495/140/11 496/140/11 493/140/11
f 487/140/186 473/140/186 474/140/186 488/140/186
f 488/140/187 474/140/187 477/140/187 491/140/187
f 491/140/188 477/140/188 480/140/188 494/140/188
f 494/140/189 480/140/189 481/140/189 495/140/189
f 495/140/190 481/140/190 482/140/190 496/140/190
f 496/140/191 482/140/191 479/140/191 493/140/191
f 493/140/192 479/140/192 476/140/192 490/140/192
f 444/140/14 469/140/14 473/140/14 448/140/14
f 448/140/193 473/140/193 487/140/193 462/140/193
f 462/140/11 487/140/11 483/140/11 458/140/11
f 501/140/14 497/140/14 498/140/14 502/140/14
f 502/140/14 498/140/14 499/140/14 503/140/14
f 503/140/14 499/140/14 500/140/14 504/140/14
f 505/140/14 502/140/14 503/140/14 506/140/14
f 506/140/14 503/140/14 504/140/14 507/140/14
f 508/140/14 505/140/14 506/140/14 509/140/14
f 509/140/14 506/140/14 507/140/14 510/140/14
f 511/140/11 515/140/11 516/140/11 512/140/11
f 512/140/11 516/140/11 517/140/11 513/140/11
f 513/140/11 517/140/11 518/140/11 514/140/11
f 516/140/11 519/140/11 520/140/11 517/140/11
f 517/140/11 520/140/11 521/140/11 518/140/11
f 519/140/11 522/140/11 523/140/11 520/140/11
f 520/140/11 523/140/11 524/140/11 521/140/11
f 515/140/194 501/140/194 502/140/194 516/140/194
f 516/140/195 502/140/195 505/140/195 519/140/195
f 519/140/196 505/140/196 508/140/196 522/140/196
f 522/140/197 508/140/197 509/140/197 523/140/197
f 523/140/198 509/140/198 510/140/198 524/140/198
f 524/140/199 510/140/199 507/140/199 521/140/199
f 521/140/200 507/140/200 504/140/200 518/140/200
f 472/140/14 497/140/14 501/140/14 476/140/14
f 476/140/201 501/140/201 515/140/201 490/140/201
f 490/140/11 515/140/11 511/140/11 486/140/11
f 529/140/14 525/140/14 526/140/14 530/140/14
f 530/140/14 526/140/14 527/140/14 531/140/14
f 531/140/14 527/140/14 528/140/14 532/140/14
f 533/140/14 530/140/14 531/140/14 534/140/14
f 534/140/14 531/140/14 532/140/14 535/140/14
f 536/140/14 533/140/14 534/140/14 537/140/14
f 537/140/14 534/140/14 535/140/14 538/140/14
f 539/140/11 543/140/11 544/140/11 540/140/11
f 540/140/11 544/140/11 545/140/11 541/140/11
f 541/140/11 545/140/11 546/140/11 542/140/11
f 544/140/11 547/140/11 548/140/11 545/140/11
f 545/140/11 548/140/11 549/140/11 546/140/11
f 547/140/11 550/140/11 551/140/11 548/140/11
f 548/140/11 551/140/11 552/140/11 549/140/11
f 543/140/202 529/140/202 530/140/202 544/140/202
f 544/140/203 530/140/203 533/140/203 547/140/203
f 547/140/204 533/140/204 536/140/204 550/140/204
f 550/140/205 536/140/205 537/140/205 551/140/205
f 551/140/206 537/140/206 538/140/206 552/140/206
f 552/140/207 538/140/207 535/140/207 549/140/207
f 549/140/208 535/140/208 532/140/208 546/140/208
f 500/140/14 525/140/14 529/140/14 504/140/14
f 504/140/209 529/140/209 543/140/209 518/140/209
f 518/140/11 543/140/11 539/140/11 514/140/11
f 557/140/14 553/140/14 554/140/14 558/140/14
f 558/140/14 554/140/14 555/140/14 559/140/14
f 559/140/14 555/140/14 556/140/14 560/140/14
f 561/140/14 558/140/14 559/140/14 562/140/14
f 562/140/14 559/140/14 560/140/14 563/140/14
f 564/140/14 561/140/14 562/140/14 565/140/14
f 565/140/14 562/140/14 563/140/14 566/140/14
f 567/140/11 571/140/11 572/140/11 568/140/11
f 568/140/11 572/140/11 573/140/11 569/140/11
f 569/140/11 573/140/11 574/140/11 570/140/11
f 572/140/11 575/140/11 576/140/11 573/140/11
f 573/140/11 576/140/11 577/140/11 574/140/11
f 575/140/11 578/140/11 579/140/11 576/140/11
f 576/140/11 579/140/11 580/140/11 577/140/11
f 571/140/210 557/140/210 558/140/210 572/140/210
f 572/140/211 558/140/211 561/140/211 575/140/211
f 575/140/212 561/140/212 564/140/212 578/140/212
f 578/140/213 564/140/213 565/140/213 579/140/213
f 579/140/214 565/140/214 566/140/214 580/140/214
f 580/140/215 566/140/215 563/140/215 577/140/215
f 577/140/216 563/140/216 560/140/216 574/140/216
f 528/140/14 553/140/14 557/140/14 532/140/14
f 532/140/217 557/140/217 571/140/217 546/140/217
f 546/140/11 571/140/11 567/140/11 542/140/11
f 585/140/14 581/140/14 582/140/14 586/140/14
f 586/140/14 582/140/14 583/140/14 587/140/14
f 587/140/14 583/140/14 584/140/14 588/140/14
f 589/140/14 586/140/14 587/140/14 590/140/14
f 590/140/14 587/140/14 588/140/14 591/140/14
f 592/140/14 589/140/14 590/140/14 593/140/14
f 593/140/14 590/140/14 591/140/14 594/140/14
f 595/140/11 599/140/11 600/140/11 596/140/11
f 596/140/11 600/140/11 601/140/11 597/140/11
f 597/140/11 601/140/11 602/140/11 598/140/11
f 600/140/11 603/140/11 604/140/11 601/140/11
f 601/140/11 604/140/11 605/140/11 602/140/11
f 603/140/11 606/140/11 607/140/11 604/140/11
f 604/140/11 607/140/11 608/140/11 605/140/11
f 599/140/218 585/140/218 586/140/218 600/140/218
f 600/140/219 586/140/219 589/140/219 603/140/219
f 603/140/220 589/140/220 592/140/220 606/140/220
f 606/140/221 592/140/221 593/140/221 607/140/221
f 607/140/222 593/140/222 594/140/222 608/140/222
f 608/140/223 594/140/223 591/140/223 605/140/223
f 605/140/224 591/140/224 588/140/224 602/140/224
f 556/140/14 581/140/14 585/140/14 560/140/14
f 560/140/225 585/140/225 599/140/225 574/140/225
f 574/140/11 599/140/11 595/140/11 570/140/11
f 613/140/14 609/140/14 610/140/14 614/140/14
f 614/140/14 610/140/14 611/140/14 615/140/14
f 615/140/14 611/140/14 612/140/14 616/140/14
f 617/140/14 614/140/14 615/140/14 618/140/14
f 618/140/14 615/140/14 616/140/14 619/140/14
f 620/140/14 617/140/14 618/140/14 621/140/14
f 621/140/14 618/140/14 619/140/14 622/140/14
f 623/140/11 627/140/11 628/140/11 624/140/11
f 624/140/11 628/140/11 629/140/11 625/140/11
f 625/140/11 629/140/11 630/140/11 626/140/11
f 628/140/11 631/140/11 632/140/11 629/140/11
f 629/140/11 632/140/11 633/140/11 630/140/11
f 631/140/11 634/140/11 635/140/11 632/140/11
f 632/140/11 635/140/11 636/140/11 633/140/11
f 627/140/226 613/140/226 614/140/226 628/140/226
f 628/140/227 614/140/227 617/140/227 631/140/227
f 631/140/228 617/140/228 620/140/228 634/140/228
f 634/140/229 620/140/229 621/140/229 635/140/229
f 635/140/230 621/140/230 622/140/230 636/140/230
f 636/140/231 622/140/231 619/140/231 633/140/231
f 633/140/232 619/140/232 616/140/232 630/140/232
f 584/140/14 609/140/14 613/140/14 588/140/14
f 588/140/233 613/140/233 627/140/233 602/140/233
f 602/140/11 627/140/11 623/140/11 598/140/11
f 641/140/14 637/140/14 638/140/14 642/140/14
f 642/140/14 638/140/14 639/140/14 643/140/14
f 643/140/14 639/140/14 640/140/14 644/140/14
f 645/140/14 642/140/14 643/140/14 646/140/14
f 646/140/14 643/140/14 644/140/14 647/140/14
f 648/140/14 645/140/14 646/140/14 649/140/14
f 649/140/14 646/140/14 647/140/14 650/140/14
f 651/140/11 655/140/11 656/140/11 652/140/11
f 652/140/11 656/140/11 657/140/11 653/140/11
f 653/140/11 657/140/11 658/140/11 654/140/11
f 656/140/11 659/140/11 660/140/11 657/140/11
f 657/140/11 660/140/11 661/140/11 658/140/11
f 659/140/11 662/140/11 663/140/11 660/140/11
f 660/140/11 663/140/11 664/140/11 661/140/11
f 655/140/234 641/140/234 642/140/234 656/140/234
f 656/140/235 642/140/235 645/140/235 659/140/235
f 659/140/236 645/140/236 648/140/236 662/140/236
f 662/140/237 648/140/237 649/140/237 663/140/237
f 663/140/238 649/140/238 650/140/238 664/140/238
f 664/140/239 650/140/239 647/140/239 661/140/239
f 661/140/240 647/140/240 644/140/240 658/140/240
f 612/140/14 637/140/14 641/140/14 616/140/14
f 616/140/241 641/140/241 655/140/241 630/140/241
f 630/140/11 655/140/11 651/140/11 626/140/11
f 640/140/14 329/140/14 333/140/14 644/140/14
f 644/140/242 333/140/242 347/140/242 658/140/242
f 658/140/11 347/140/11 343/140/11 654/140/11
f 344/140/243 345/140/243 331/140/243 330/140/243
f 345/140/244 346/140/244 332/140/244 331/140/244
f 346/140/209 371/140/209 357/140/209 332/140/209
f 371/140/202 372/140/202 358/140/202 357/140/202
f 372/140/245 373/140/245 359/140/245 358/140/245
f 373/140/246 374/140/246 360/140/246 359/140/246
f 374/140/217 399/140/217 385/140/217 360/140/217
f 399/140/210 400/140/210 386/140/210 385/140/210
f 400/140/247 401/140/247 387/140/247 386/140/247
f 401/140/248 402/140/248 388/140/248 387/140/248
f 402/140/249 427/140/249 413/140/249 388/140/249
f 427/140/250 428/140/250 414/140/250 413/140/250
f 428/140/251 429/140/251 415/140/251 414/140/251
f 429/140/252 430/140/252 416/140/252 415/140/252
f 430/140/233 455/140/233 441/140/233 416/140/233
f 455/140/226 456/140/226 442/140/226 441/140/226
f 456/140/253 457/140/253 443/140/253 442/140/253
f 457/140/254 458/140/254 444/140/254 443/140/254
f 458/140/241 483/140/241 469/140/241 444/140/241
f 483/140/255 484/140/255 470/140/255 469/140/255
f 484/140/256 485/140/256 471/140/256 470/140/256
f 485/140/257 486/140/257 472/140/257 471/140/257
f 486/140/242 511/140/242 497/140/242 472/140/242
f 511/140/147 512/140/147 498/140/147 497/140/147
f 512/140/258 513/140/258 499/140/258 498/140/258
f 513/140/259 514/140/259 500/140/259 499/140/259
f 514/140/161 539/140/161 525/140/161 500/140/161
f 539/140/154 540/140/154 526/140/154 525/140/154
f 540/140/260 541/140/260 527/140/260 526/140/260
f 541/140/261 542/140/261 528/140/261 527/140/261
f 542/140/169 567/140/169 553/140/169 528/140/169
f 567/140/162 568/140/162 554/140/162 553/140/162
f 568/140/262 569/140/262 555/140/262 554/140/262
f 569/140/263 570/140/263 556/140/263 555/140/263
f 570/140/177 595/140/177 581/140/177 556/140/177
f 595/140/170 596/140/170 582/140/170 581/140/170
f 596/140/264 597/140/264 583/140/264 582/140/264
f 597/140/265 598/140/265 584/140/265 583/140/265
f 598/140/185 623/140/185 609/140/185 584/140/185
f 623/140/178 624/140/178 610/140/178 609/140/178
f 624/140/266 625/140/266 611/140/266 610/140/266
f 625/140/267 626/140/267 612/140/267 611/140/267
f 626/140/193 651/140/193 637/140/193 612/140/193
f 651/140/268 652/140/268 638/140/268 637/140/268
f 652/140/269 653/140/269 639/140/269 638/140/269
f 653/140/270 654/140/270 640/140/270 639/140/270
f 654/140/201 343/140/201 329/140/201 640/140/201
f 343/140/194 344/140/194 330/140/194 329/140/194
s 0
f 665/1/81 666/2/81 668/51/81 667/52/81
f 667/52/30 668/51/30 670/53/30 669/54/30
f 669/54/28 670/53/28 672/55/28 671/56/28
f 671/56/27 672/55/27 674/57/27 673/58/27
f 673/58/26 674/57/26 676/59/26 675/60/26
f 675/60/25 676/59/25 678/61/25 677/62/25
f 677/62/24 678/61/24 680/63/24 679/64/24
f 679/64/23 680/63/23 682/65/23 681/66/23
f 681/66/22 682/65/22 684/67/22 683/68/22
f 683/68/21 684/67/21 686/69/21 685/70/21
f 685/70/20 686/69/20 688/71/20 687/72/20
f 687/72/19 688/71/19 690/73/19 689/74/19
f 689/74/18 690/73/18 692/75/18 691/76/18
f 691/76/17 692/75/17 694/77/17 693/78/17
f 666/79/271 696/80/271 712/80/271 698/79/271
f 693/78/16 694/77/16 696/80/16 695/81/16
f 695/81/15 696/80/15 666/79/15 665/82/15
f 665/39/82 667/83/82 669/84/82 671/85/82 673/42/82 675/86/82 677/87/82 679/88/82 681/45/82 683/89/82 685/90/82 687/91/82 689/48/82 691/92/82 693/93/82 695/94/82
f 712/80/272 711/77/272 727/77/272 728/80/272
f 674/57/273 672/55/273 700/55/273 701/57/273
f 684/67/274 682/65/274 705/65/274 706/67/274
f 694/77/275 692/75/275 710/75/275 711/77/275
f 670/53/276 668/51/276 697/51/276 699/53/276
f 680/63/277 678/61/277 703/61/277 704/63/277
f 690/73/278 688/71/278 708/71/278 709/73/278
f 676/59/279 674/57/279 701/57/279 702/59/279
f 686/69/280 684/67/280 706/67/280 707/69/280
f 696/80/281 694/77/281 711/77/281 712/80/281
f 672/55/282 670/53/282 699/53/282 700/55/282
f 682/65/283 680/63/283 704/63/283 705/65/283
f 668/51/284 666/2/284 698/2/284 697/51/284
f 692/75/285 690/73/285 709/73/285 710/75/285
f 678/61/286 676/59/286 702/59/286 703/61/286
f 688/71/287 686/69/287 707/69/287 708/71/287
f 718/59/288 717/57/288 733/57/288 734/59/288
f 705/65/289 704/63/289 720/63/289 721/65/289
f 697/51/290 698/2/290 714/2/290 713/51/290
f 698/79/291 712/80/291 728/80/291 714/79/291
f 706/67/292 705/65/292 721/65/292 722/67/292
f 699/53/293 697/51/293 713/51/293 715/53/293
f 707/69/294 706/67/294 722/67/294 723/69/294
f 700/55/295 699/53/295 715/53/295 716/55/295
f 708/71/296 707/69/296 723/69/296 724/71/296
f 701/57/297 700/55/297 716/55/297 717/57/297
f 709/73/298 708/71/298 724/71/298 725/73/298
f 702/59/299 701/57/299 717/57/299 718/59/299
f 710/75/300 709/73/300 725/73/300 726/75/300
f 703/61/301 702/59/301 718/59/301 719/61/301
f 711/77/302 710/75/302 726/75/302 727/77/302
f 704/63/303 703/61/303 719/61/303 720/63/303
f 739/69/21 738/67/21 754/67/21 755/69/21
f 726/75/304 725/73/304 741/73/304 742/75/304
f 719/61/305 718/59/305 734/59/305 735/61/305
f 727/77/306 726/75/306 742/75/306 743/77/306
f 720/63/307 719/61/307 735/61/307 736/63/307
f 728/80/308 727/77/308 743/77/308 744/80/308
f 721/65/309 720/63/309 736/63/309 737/65/309
f 713/51/310 714/2/310 730/2/310 729/51/310
f 714/79/311 728/80/311 744/80/311 730/79/311
f 722/67/312 721/65/312 737/65/312 738/67/312
f 715/53/313 713/51/313 729/51/313 731/53/313
f 723/69/314 722/67/314 738/67/314 739/69/314
f 716/55/315 715/53/315 731/53/315 732/55/315
f 724/71/316 723/69/316 739/69/316 740/71/316
f 717/57/317 716/55/317 732/55/317 733/57/317
f 725/73/318 724/71/318 740/71/318 741/73/318
f 760/80/319 759/77/319 775/77/319 776/80/319
f 732/55/28 731/53/28 747/53/28 748/55/28
f 740/71/20 739/69/20 755/69/20 756/71/20
f 733/57/27 732/55/27 748/55/27 749/57/27
f 741/73/19 740/71/19 756/71/19 757/73/19
f 734/59/26 733/57/26 749/57/26 750/59/26
f 742/75/18 741/73/18 757/73/18 758/75/18
f 735/61/25 734/59/25 750/59/25 751/61/25
f 743/77/17 742/75/17 758/75/17 759/77/17
f 736/63/24 735/61/24 751/61/24 752/63/24
f 744/80/16 743/77/16 759/77/16 760/80/16
f 737/65/23 736/63/23 752/63/23 753/65/23
f 729/51/81 730/2/81 746/2/81 745/51/81
f 730/79/15 744/80/15 760/80/15 746/79/15
f 738/67/22 737/65/22 753/65/22 754/67/22
f 731/53/30 729/51/30 745/51/30 747/53/30
f 761/95/32 762/24/32 776/96/32 775/97/32 774/98/32 773/27/32 772/99/32 771/100/32 770/101/32 769/30/32 768/102/32 767/103/32 766/104/32 765/33/32 764/105/32 763/106/32
f 753/65/320 752/63/320 768/63/320 769/65/320
f 745/51/321 746/2/321 762/2/321 761/51/321
f 746/79/322 760/80/322 776/80/322 762/79/322
f 754/67/323 753/65/323 769/65/323 770/67/323
f 747/53/324 745/51/324 761/51/324 763/53/324
f 755/69/325 754/67/325 770/67/325 771/69/325
f 748/55/326 747/53/326 763/53/326 764/55/326
f 756/71/327 755/69/327 771/69/327 772/71/327
f 749/57/328 748/55/328 764/55/328 765/57/328
f 757/73/329 756/71/329 772/71/329 773/73/329
f 750/59/330 749/57/330 765/57/330 766/59/330
f 758/75/331 757/73/331 773/73/331 774/75/331
f 751/61/332 750/59/332 766/59/332 767/61/332
f 759/77/333 758/75/333 774/75/333 775/77/333
f 752/63/334 751/61/334 767/61/334 768/63/334
f 777/1/106 779/2/106 782/51/106 780/52/106
f 780/52/107 782/51/107 785/53/107 783/54/107
f 783/54/108 785/53/108 788/55/108 786/56/108
f 786/56/109 788/55/109 791/57/109 789/58/109
f 789/58/110 791/57/110 794/59/110 792/60/110
f 792/60/111 794/59/111 797/61/111 795/62/111
f 795/62/112 797/61/112 800/63/112 798/64/112
f 798/64/113 800/63/113 803/65/113 801/66/113
f 801/66/98 803/65/98 806/67/98 804/68/98
f 804/68/99 806/67/99 809/69/99 807/70/99
f 807/70/100 809/69/100 812/71/100 810/72/100
f 810/72/101 812/71/101 815/73/101 813/74/101
f 813/74/102 815/73/102 818/75/102 816/76/102
f 816/76/103 818/75/103 821/77/103 819/78/103
f 829/107/11 809/100/11 806/101/11 803/30/11 800/102/11 797/103/11 840/108/11 837/109/11 827/110/11 836/111/11
f 797/103/11 794/104/11 791/33/11 788/105/11 785/106/11 782/95/11 779/24/11 824/96/11 821/97/11 818/98/11 815/27/11 812/99/11 809/100/11 829/107/11 830/112/11 826/113/11 831/114/11 835/115/11 832/116/11 825/117/11 834/118/11 833/119/11 839/120/11 828/121/11 838/122/11 840/108/11
f 819/78/104 821/77/104 824/80/104 822/81/104
f 822/81/105 824/80/105 779/79/105 777/82/105
f 822/94/14 777/39/14 780/83/14 783/84/14 786/85/14 789/42/14 792/86/14 795/87/14 798/88/14 801/45/14 804/89/14 807/90/14 810/91/14 813/48/14 816/92/14 819/93/14
f 825/123/98 778/1/98 781/52/98 834/124/98
f 834/124/99 781/52/99 784/54/99 833/125/99
f 784/54/100 787/56/100 839/126/100 833/125/100
f 787/56/101 790/58/101 828/127/101 839/126/101
f 790/58/102 793/60/102 838/128/102 828/127/102
f 793/60/103 796/62/103 840/129/103 838/128/103
f 796/62/104 799/64/104 837/130/104 840/129/104
f 799/64/105 802/66/105 827/131/105 837/130/105
f 802/66/106 805/68/106 836/132/106 827/131/106
f 805/68/107 808/70/107 829/133/107 836/132/107
f 829/133/108 808/70/108 811/72/108 830/134/108
f 830/134/109 811/72/109 814/74/109 826/135/109
f 826/135/110 814/74/110 817/76/110 831/136/110
f 831/136/111 817/76/111 820/78/111 835/137/111
f 835/137/112 820/78/112 823/81/112 832/138/112
f 832/138/113 823/81/113 778/82/113 825/139/113
f 817/92/11 814/48/11 811/91/11 808/90/11 805/89/11 802/45/11 799/88/11 796/87/11 793/86/11 790/42/11 787/85/11 784/84/11 781/83/11 778/39/11 823/94/11 820/93/11
f 841/1/122 843/2/122 846/51/122 844/52/122
f 844/52/123 846/51/123 849/53/123 847/54/123
f 847/54/124 849/53/124 852/55/124 850/56/124
f 850/56/125 852/55/125 855/57/125 853/58/125
f 853/58/126 855/57/126 858/59/126 856/60/126
f 856/60/127 858/59/127 861/61/127 859/62/127
f 859/62/128 861/61/128 864/63/128 862/64/128
f 862/64/129 864/63/129 867/65/129 865/66/129
f 865/66/114 867/65/114 870/67/114 868/68/114
f 868/68/115 870/67/115 873/69/115 871/70/115
f 871/70/116 873/69/116 876/71/116 874/72/116
f 874/72/117 876/71/117 879/73/117 877/74/117
f 877/74/118 879/73/118 882/75/118 880/76/118
f 880/76/119 882/75/119 885/77/119 883/78/119
f 893/107/11 873/100/11 870/101/11 867/30/11 864/102/11 861/103/11 904/108/11 901/109/11 891/110/11 900/111/11
f 861/103/11 858/104/11 855/33/11 852/105/11 849/106/11 846/95/11 843/24/11 888/96/11 885/97/11 882/98/11 879/27/11 876/99/11 873/100/11 893/107/11 894/112/11 890/113/11 895/114/11 899/115/11 896/116/11 889/117/11 898/118/11 897/119/11 903/120/11 892/121/11 902/122/11 904/108/11
f 883/78/120 885/77/120 888/80/120 886/81/120
f 886/81/121 888/80/121 843/79/121 841/82/121
f 886/94/14 841/39/14 844/83/14 847/84/14 850/85/14 853/42/14 856/86/14 859/87/14 862/88/14 865/45/14 868/89/14 871/90/14 874/91/14 877/48/14 880/92/14 883/93/14
f 889/123/114 842/1/114 845/52/114 898/124/114
f 898/124/115 845/52/115 848/54/115 897/125/115
f 848/54/116 851/56/116 903/126/116 897/125/116
f 851/56/117 854/58/117 892/127/117 903/126/117
f 854/58/118 857/60/118 902/128/118 892/127/118
f 857/60/119 860/62/119 904/129/119 902/128/119
f 860/62/120 863/64/120 901/130/120 904/129/120
f 863/64/121 866/66/121 891/131/121 901/130/121
f 866/66/122 869/68/122 900/132/122 891/131/122
f 869/68/123 872/70/123 893/133/123 900/132/123
f 893/133/124 872/70/124 875/72/124 894/134/124
f 894/134/125 875/72/125 878/74/125 890/135/125
f 890/135/126 878/74/126 881/76/126 895/136/126
f 895/136/127 881/76/127 884/78/127 899/137/127
f 899/137/128 884/78/128 887/81/128 896/138/128
f 896/138/129 887/81/129 842/82/129 889/139/129
f 881/92/11 878/48/11 875/91/11 872/90/11 869/89/11 866/45/11 863/88/11 860/87/11 857/86/11 854/42/11 851/85/11 848/84/11 845/83/11 842/39/11 887/94/11 884/93/11
f 905/1/138 907/2/138 910/51/138 908/52/138
f 908/52/139 910/51/139 913/53/139 911/54/139
f 911/54/140 913/53/140 916/55/140 914/56/140
f 914/56/141 916/55/141 919/57/141 917/58/141
f 917/58/146 919/57/146 922/59/146 920/60/146
f 920/60/143 922/59/143 925/61/143 923/62/143
f 923/62/144 925/61/144 928/63/144 926/64/144
f 926/64/145 928/63/145 931/65/145 929/66/145
f 929/66/130 931/65/130 934/67/130 932/68/130
f 932/68/131 934/67/131 937/69/131 935/70/131
f 935/70/132 937/69/132 940/71/132 938/72/132
f 938/72/133 940/71/133 943/73/133 941/74/133
f 941/74/335 943/73/335 946/75/335 944/76/335
f 944/76/135 946/75/135 949/77/135 947/78/135
f 957/107/11 937/100/11 934/101/11 931/30/11 928/102/11 925/103/11 968/108/11 965/109/11 955/110/11 964/111/11
f 925/103/11 922/104/11 919/33/11 916/105/11 913/106/11 910/95/11 907/24/11 952/96/11 949/97/11 946/98/11 943/27/11 940/99/11 937/100/11 957/107/11 958/112/11 954/113/11 959/114/11 963/115/11 960/116/11 953/117/11 962/118/11 961/119/11 967/120/11 956/121/11 966/122/11 968/108/11
f 947/78/136 949/77/136 952/80/136 950/81/136
f 950/81/137 952/80/137 907/79/137 905/82/137
f 950/94/14 905/39/14 908/83/14 911/84/14 914/85/14 917/42/14 920/86/14 923/87/14 926/88/14 929/45/14 932/89/14 935/90/14 938/91/14 941/48/14 944/92/14 947/93/14
f 953/123/130 906/1/130 909/52/130 962/124/130
f 962/124/131 909/52/131 912/54/131 961/125/131
f 912/54/132 915/56/132 967/126/132 961/125/132
f 915/56/133 918/58/133 956/127/133 967/126/133
f 918/58/335 921/60/335 966/128/335 956/127/335
f 921/60/135 924/62/135 968/129/135 966/128/135
f 924/62/136 927/64/136 965/130/136 968/129/136
f 927/64/137 930/66/137 955/131/137 965/130/137
f 930/66/138 933/68/138 964/132/138 955/131/138
f 933/68/139 936/70/139 957/133/139 964/132/139
f 957/133/140 936/70/140 939/72/140 958/134/140
f 958/134/141 939/72/141 942/74/141 954/135/141
f 954/135/142 942/74/142 945/76/142 959/136/142
f 959/136/143 945/76/143 948/78/143 963/137/143
f 963/137/144 948/78/144 951/81/144 960/138/144
f 960/138/145 951/81/145 906/82/145 953/139/145
f 945/92/11 942/48/11 939/91/11 936/90/11 933/89/11 930/45/11 927/88/11 924/87/11 921/86/11 918/42/11 915/85/11 912/84/11 909/83/11 906/39/11 951/94/11 948/93/11
f 969/141/336 971/142/336 972/143/336 970/144/336
f 979/145/337 992/145/337 987/146/337 978/146/337
f 975/70/337 973/147/337 974/148/337 976/62/337
f 981/149/338 969/69/338 970/61/338 984/150/338
f 977/151/339 982/152/339 973/147/339 975/70/339
f 979/153/340 984/154/340 970/155/340 972/54/340
f 976/62/341 974/148/341 983/156/341 980/157/341
f 980/157/342 983/156/342 984/154/342 979/153/342
f 971/78/343 969/158/343 981/159/343 978/160/343
f 978/160/344 981/159/344 982/152/344 977/151/344
f 973/147/338 982/161/338 983/162/338 974/148/338
f 982/161/338 981/149/338 984/150/338 983/162/338
f 976/62/337 989/62/337 990/70/337 975/70/337
f 978/146/345 977/163/345 980/164/345 979/145/345
f 991/163/345 990/70/345 989/62/345 988/164/345
f 986/142/345 987/146/345 992/145/345 985/143/345
f 978/160/14 987/160/14 986/78/14 971/78/14
f 977/163/336 991/163/336 988/164/336 980/164/336
f 980/157/11 988/157/11 989/62/11 976/62/11
f 972/54/11 985/54/11 992/153/11 979/153/11
f 971/142/336 986/142/336 985/143/336 972/143/336
f 975/70/14 990/70/14 991/151/14 977/151/14
f 993/141/337 995/142/337 996/143/337 994/144/337
f 1003/145/336 1016/145/336 1011/146/336 1002/146/336
f 999/70/336 997/147/336 998/148/336 1000/62/336
f 1005/149/345 993/69/345 994/61/345 1008/150/345
f 1001/151/346 1006/152/346 997/147/346 999/70/346
f 1003/153/347 1008/154/347 994/155/347 996/54/347
f 1000/62/348 998/148/348 1007/156/348 1004/157/348
f 1004/157/349 1007/156/349 1008/154/349 1003/153/349
f 995/78/350 993/158/350 1005/159/350 1002/160/350
f 1002/160/351 1005/159/351 1006/152/351 1001/151/351
f 997/147/345 1006/161/345 1007/162/345 998/148/345
f 1006/161/345 1005/149/345 1008/150/345 1007/162/345
f 1000/62/336 1013/62/336 1014/70/336 999/70/336
f 1002/146/338 1001/163/338 1004/164/338 1003/145/338
f 1015/163/338 1014/70/338 1013/62/338 1012/164/338
f 1010/142/338 1011/146/338 1016/145/338 1009/143/338
f 1002/160/14 1011/160/14 1010/78/14 995/78/14
f 1001/163/337 1015/163/337 1012/164/337 1004/164/337
f 1004/157/11 1012/157/11 1013/62/11 1000/62/11
f 996/54/11 1009/54/11 1016/153/11 1003/153/11
f 995/142/337 1010/142/337 1009/143/337 996/143/337
f 999/70/14 1014/70/14 1015/151/14 1001/151/14
o Cylinder.001
v 0.057005 -0.017843 -0.036622
v 0.057005 -0.009437 -0.036622
v 0.075299 -0.017843 -0.031720
v 0.075299 -0.009437 -0.031720
v 0.088691 -0.017843 -0.018328
v 0.088691 -0.009437 -0.018328
v 0.093592 -0.017843 -0.000035
v 0.093592 -0.009437 -0.000035
v 0.088691 -0.017843 0.018259
v 0.088691 -0.009437 0.018259
v 0.075299 -0.017843 0.031651
v 0.075299 -0.009437 0.031651
v 0.057005 -0.017843 0.036553
v 0.057005 -0.009437 0.036553
v 0.038712 -0.017843 0.031651
v 0.038712 -0.009437 0.031651
v 0.025320 -0.017843 0.018259
v 0.025320 -0.009437 0.018259
v 0.020418 -0.017843 -0.000035
v 0.020418 -0.009437 -0.000035
v 0.025320 -0.017843 -0.018328
v 0.025320 -0.009437 -0.018328
v 0.038712 -0.017843 -0.031720
v 0.038712 -0.009437 -0.031720
v 0.024159 -0.009852 -0.017909
v 0.021412 -0.009852 -0.019495
v 0.024356 -0.009774 -0.018251
v 0.021609 -0.009774 -0.019836
v 0.024523 -0.009550 -0.018540
v 0.021776 -0.009550 -0.020126
v 0.024635 -0.009216 -0.018733
v 0.021888 -0.009216 -0.020319
v 0.024674 -0.008822 -0.018801
v 0.021927 -0.008822 -0.020387
v 0.024635 -0.008428 -0.018733
v 0.021888 -0.008428 -0.020319
v 0.024523 -0.008093 -0.018540
v 0.021776 -0.008093 -0.020126
v 0.024356 -0.007870 -0.018251
v 0.021609 -0.007870 -0.019836
v 0.024159 -0.007792 -0.017909
v 0.021412 -0.007792 -0.019495
v 0.023962 -0.007870 -0.017568
v 0.021215 -0.007870 -0.019154
v 0.023795 -0.008093 -0.017279
v 0.021048 -0.008093 -0.018864
v 0.023683 -0.008428 -0.017085
v 0.020936 -0.008428 -0.018671
v 0.023644 -0.008822 -0.017017
v 0.020897 -0.008822 -0.018603
v 0.023683 -0.009216 -0.017085
v 0.020936 -0.009216 -0.018671
v 0.023795 -0.009550 -0.017279
v 0.021048 -0.009550 -0.018864
v 0.023962 -0.009774 -0.017568
v 0.021215 -0.009774 -0.019154
v 0.020363 -0.009565 -0.020456
v 0.020209 -0.009627 -0.020190
v 0.020494 -0.009391 -0.020683
v 0.020581 -0.009130 -0.020834
v 0.020611 -0.008822 -0.020887
v 0.020581 -0.008514 -0.020834
v 0.020494 -0.008253 -0.020683
v 0.020363 -0.008078 -0.020456
v 0.020209 -0.008017 -0.020190
v 0.020055 -0.008078 -0.019923
v 0.019924 -0.008253 -0.019697
v 0.019837 -0.008514 -0.019546
v 0.019807 -0.008822 -0.019493
v 0.019837 -0.009130 -0.019546
v 0.019924 -0.009391 -0.019697
v 0.020055 -0.009565 -0.019923
v 0.018790 -0.009700 -0.021429
v 0.018608 -0.009772 -0.021114
v 0.018944 -0.009494 -0.021696
v 0.019047 -0.009185 -0.021874
v 0.019083 -0.008822 -0.021937
v 0.019047 -0.008458 -0.021874
v 0.018944 -0.008150 -0.021696
v 0.018790 -0.007944 -0.021429
v 0.018608 -0.007872 -0.021114
v 0.018426 -0.007944 -0.020799
v 0.018272 -0.008150 -0.020532
v 0.018169 -0.008458 -0.020354
v 0.018133 -0.008822 -0.020291
v 0.018169 -0.009185 -0.020354
v 0.018272 -0.009494 -0.020532
v 0.018426 -0.009700 -0.020799
v 0.018142 -0.010235 -0.022059
v 0.017850 -0.010351 -0.021552
v 0.018390 -0.009903 -0.022489
v 0.018556 -0.009407 -0.022776
v 0.018614 -0.008822 -0.022877
v 0.018556 -0.008236 -0.022776
v 0.018390 -0.007740 -0.022489
v 0.018142 -0.007409 -0.022059
v 0.017850 -0.007292 -0.021552
v 0.017557 -0.007409 -0.021045
v 0.017309 -0.007740 -0.020615
v 0.017143 -0.008236 -0.020328
v 0.017085 -0.008822 -0.020227
v 0.017143 -0.009407 -0.020328
v 0.017309 -0.009903 -0.020615
v 0.017557 -0.010235 -0.021045
v 0.014057 -0.010235 -0.024418
v 0.013764 -0.010351 -0.023911
v 0.014305 -0.009903 -0.024847
v 0.014471 -0.009407 -0.025135
v 0.014529 -0.008822 -0.025235
v 0.014471 -0.008236 -0.025135
v 0.014305 -0.007740 -0.024847
v 0.014057 -0.007409 -0.024418
v 0.013764 -0.007292 -0.023911
v 0.013472 -0.007409 -0.023404
v 0.013223 -0.007740 -0.022974
v 0.013058 -0.008236 -0.022687
v 0.012999 -0.008822 -0.022586
v 0.013058 -0.009407 -0.022687
v 0.013223 -0.009903 -0.022974
v 0.013472 -0.010235 -0.023404
v 0.012712 -0.009782 -0.024977
v 0.012513 -0.009861 -0.024633
v 0.012881 -0.009556 -0.025269
v 0.012993 -0.009219 -0.025464
v 0.013033 -0.008822 -0.025532
v 0.012993 -0.008424 -0.025464
v 0.012881 -0.008087 -0.025269
v 0.012712 -0.007862 -0.024977
v 0.012513 -0.007783 -0.024633
v 0.012315 -0.007862 -0.024288
v 0.012146 -0.008087 -0.023997
v 0.012034 -0.008424 -0.023802
v 0.011994 -0.008822 -0.023733
v 0.012034 -0.009219 -0.023802
v 0.012146 -0.009556 -0.023997
v 0.012315 -0.009782 -0.024288
v 0.020222 -0.007717 -0.017293
v 0.021187 -0.005420 -0.017293
v 0.020222 -0.004366 -0.017293
v 0.020518 -0.007717 -0.018783
v 0.021410 -0.005420 -0.018414
v 0.020518 -0.004366 -0.018783
v 0.021362 -0.007717 -0.020047
v 0.022045 -0.005420 -0.019364
v 0.021362 -0.004366 -0.020047
v 0.022626 -0.007717 -0.020891
v 0.022995 -0.005420 -0.019999
v 0.022626 -0.004366 -0.020891
v 0.024116 -0.007717 -0.021187
v 0.024116 -0.005420 -0.020222
v 0.024116 -0.004366 -0.021187
v 0.025607 -0.007717 -0.020891
v 0.025237 -0.005420 -0.019999
v 0.025607 -0.004366 -0.020891
v 0.026870 -0.007717 -0.020047
v 0.026188 -0.005420 -0.019364
v 0.026870 -0.004366 -0.020047
v 0.027714 -0.007717 -0.018783
v 0.026823 -0.005420 -0.018414
v 0.027714 -0.004366 -0.018783
v 0.028011 -0.007717 -0.017293
v 0.027046 -0.005420 -0.017293
v 0.028011 -0.004366 -0.017293
v 0.027714 -0.007717 -0.015802
v 0.026823 -0.005420 -0.016171
v 0.027714 -0.004366 -0.015802
v 0.026870 -0.007717 -0.014539
v 0.026188 -0.005420 -0.015221
v 0.026870 -0.004366 -0.014539
v 0.025607 -0.007717 -0.013694
v 0.025237 -0.005420 -0.014586
v 0.025607 -0.004366 -0.013694
v 0.024116 -0.007717 -0.013398
v 0.024116 -0.005420 -0.014363
v 0.024116 -0.004366 -0.013398
v 0.022626 -0.007717 -0.013694
v 0.022995 -0.005420 -0.014586
v 0.022626 -0.004366 -0.013694
v 0.021362 -0.007717 -0.014539
v 0.022045 -0.005420 -0.015221
v 0.021362 -0.004366 -0.014539
v 0.020518 -0.007717 -0.015802
v 0.021410 -0.005420 -0.016171
v 0.020518 -0.004366 -0.015802
v 0.021187 -0.004366 -0.017293
v 0.024116 -0.004366 -0.014363
v 0.027046 -0.004366 -0.017293
v 0.024116 -0.004366 -0.020222
v 0.026188 -0.004366 -0.015221
v 0.025237 -0.004366 -0.014586
v 0.022995 -0.004366 -0.014586
v 0.021410 -0.004366 -0.016171
v 0.022045 -0.004366 -0.019364
v 0.021410 -0.004366 -0.018414
v 0.022045 -0.004366 -0.015221
v 0.026823 -0.004366 -0.016171
v 0.026823 -0.004366 -0.018414
v 0.025237 -0.004366 -0.019999
v 0.022995 -0.004366 -0.019999
v 0.026188 -0.004366 -0.019364
v 0.057959 -0.007717 -0.040193
v 0.058400 -0.005420 -0.039334
v 0.057959 -0.004366 -0.040193
v 0.059421 -0.007717 -0.040609
v 0.059499 -0.005420 -0.039647
v 0.059421 -0.004366 -0.040609
v 0.060930 -0.007717 -0.040435
v 0.060634 -0.005420 -0.039516
v 0.060930 -0.004366 -0.040435
v 0.062258 -0.007717 -0.039696
v 0.061633 -0.005420 -0.038960
v 0.062258 -0.004366 -0.039696
v 0.063202 -0.007717 -0.038505
v 0.062343 -0.005420 -0.038064
v 0.063202 -0.004366 -0.038505
v 0.063618 -0.007717 -0.037043
v 0.062656 -0.005420 -0.036965
v 0.063618 -0.004366 -0.037043
v 0.063444 -0.007717 -0.035534
v 0.062525 -0.005420 -0.035830
v 0.063444 -0.004366 -0.035534
v 0.062705 -0.007717 -0.034206
v 0.061969 -0.005420 -0.034831
v 0.062705 -0.004366 -0.034206
v 0.061514 -0.007717 -0.033262
v 0.061073 -0.005420 -0.034121
v 0.061514 -0.004366 -0.033262
v 0.060052 -0.007717 -0.032846
v 0.059974 -0.005420 -0.033808
v 0.060052 -0.004366 -0.032846
v 0.058543 -0.007717 -0.033020
v 0.058839 -0.005420 -0.033939
v 0.058543 -0.004366 -0.033020
v 0.057215 -0.007717 -0.033759
v 0.057840 -0.005420 -0.034495
v 0.057215 -0.004366 -0.033759
v 0.056271 -0.007717 -0.034950
v 0.057130 -0.005420 -0.035391
v 0.056271 -0.004366 -0.034950
v 0.055855 -0.007717 -0.036412
v 0.056817 -0.005420 -0.036490
v 0.055855 -0.004366 -0.036412
v 0.056029 -0.007717 -0.037921
v 0.056948 -0.005420 -0.037625
v 0.056029 -0.004366 -0.037921
v 0.056768 -0.007717 -0.039249
v 0.057504 -0.005420 -0.038624
v 0.056768 -0.004366 -0.039249
v 0.058400 -0.004366 -0.039334
v 0.057130 -0.004366 -0.035391
v 0.061073 -0.004366 -0.034121
v 0.062343 -0.004366 -0.038064
v 0.058839 -0.004366 -0.033939
v 0.057840 -0.004366 -0.034495
v 0.056817 -0.004366 -0.036490
v 0.057504 -0.004366 -0.038624
v 0.060634 -0.004366 -0.039516
v 0.059499 -0.004366 -0.039647
v 0.056948 -0.004366 -0.037625
v 0.059974 -0.004366 -0.033808
v 0.061969 -0.004366 -0.034831
v 0.062656 -0.004366 -0.036965
v 0.061633 -0.004366 -0.038960
v 0.062525 -0.004366 -0.035830
v 0.077642 -0.008806 -0.032588
v 0.077732 -0.006509 -0.031628
v 0.077642 -0.005454 -0.032588
v 0.079154 -0.008806 -0.032432
v 0.078869 -0.006509 -0.031510
v 0.079154 -0.005454 -0.032432
v 0.080490 -0.008806 -0.031709
v 0.079874 -0.006509 -0.030966
v 0.080490 -0.005454 -0.031709
v 0.081449 -0.008806 -0.030530
v 0.080595 -0.006509 -0.030079
v 0.081449 -0.005454 -0.030530
v 0.081883 -0.008806 -0.029074
v 0.080922 -0.006509 -0.028984
v 0.081883 -0.005454 -0.029074
v 0.081726 -0.008806 -0.027562
v 0.080804 -0.006509 -0.027847
v 0.081726 -0.005454 -0.027562
v 0.081004 -0.008806 -0.026225
v 0.080260 -0.006509 -0.026841
v 0.081004 -0.005454 -0.026225
v 0.079824 -0.008806 -0.025267
v 0.079373 -0.006509 -0.026120
v 0.079824 -0.005454 -0.025267
v 0.078368 -0.008806 -0.024833
v 0.078278 -0.006509 -0.025794
v 0.078368 -0.005454 -0.024833
v 0.076856 -0.008806 -0.024989
v 0.077141 -0.006509 -0.025911
v 0.076856 -0.005454 -0.024989
v 0.075520 -0.008806 -0.025712
v 0.076135 -0.006509 -0.026455
v 0.075520 -0.005454 -0.025712
v 0.074561 -0.008806 -0.026892
v 0.075415 -0.006509 -0.027342
v 0.074561 -0.005454 -0.026892
v 0.074127 -0.008806 -0.028348
v 0.075088 -0.006509 -0.028438
v 0.074127 -0.005454 -0.028348
v 0.074283 -0.008806 -0.029859
v 0.075206 -0.006509 -0.029575
v 0.074283 -0.005454 -0.029859
v 0.075006 -0.008806 -0.031196
v 0.075749 -0.006509 -0.030580
v 0.075006 -0.005454 -0.031196
v 0.076186 -0.008806 -0.032154
v 0.076637 -0.006509 -0.031301
v 0.076186 -0.005454 -0.032154
v 0.077732 -0.005454 -0.031628
v 0.075088 -0.005454 -0.028438
v 0.078278 -0.005454 -0.025794
v 0.080922 -0.005454 -0.028984
v 0.076135 -0.005454 -0.026455
v 0.075415 -0.005454 -0.027342
v 0.075206 -0.005454 -0.029575
v 0.076637 -0.005454 -0.031301
v 0.079874 -0.005454 -0.030966
v 0.078869 -0.005454 -0.031510
v 0.075749 -0.005454 -0.030580
v 0.077141 -0.005454 -0.025911
v 0.079373 -0.005454 -0.026120
v 0.080804 -0.005454 -0.027847
v 0.080595 -0.005454 -0.030079
v 0.080260 -0.005454 -0.026841
v 0.090692 -0.015089 -0.017136
v 0.089844 -0.015089 -0.017081
v 0.089011 -0.015089 -0.016915
v 0.088207 -0.015089 -0.016643
v 0.090692 -0.015089 -0.018987
v 0.089602 -0.015089 -0.018916
v 0.088531 -0.015089 -0.018704
v 0.087497 -0.015089 -0.018353
v 0.089481 -0.015089 -0.019834
v 0.088291 -0.015089 -0.019598
v 0.087142 -0.015089 -0.019208
v 0.089026 -0.015089 -0.020702
v 0.088051 -0.015089 -0.020492
v 0.087101 -0.015089 -0.020187
v 0.090692 -0.014109 -0.017136
v 0.089844 -0.014109 -0.017081
v 0.089011 -0.014109 -0.016915
v 0.088207 -0.014109 -0.016643
v 0.090692 -0.014109 -0.018987
v 0.089602 -0.014109 -0.018916
v 0.088531 -0.014109 -0.018704
v 0.087497 -0.014109 -0.018353
v 0.089481 -0.014109 -0.019834
v 0.088291 -0.014109 -0.019598
v 0.087142 -0.014109 -0.019208
v 0.089026 -0.014109 -0.020702
v 0.088051 -0.014109 -0.020492
v 0.087101 -0.014109 -0.020187
v 0.087445 -0.015089 -0.016268
v 0.086739 -0.015089 -0.015797
v 0.086101 -0.015089 -0.015238
v 0.085541 -0.015089 -0.014601
v 0.086518 -0.015089 -0.017871
v 0.085610 -0.015089 -0.017266
v 0.084789 -0.015089 -0.016547
v 0.084069 -0.015089 -0.015728
v 0.085045 -0.015089 -0.018000
v 0.084133 -0.015089 -0.017202
v 0.083333 -0.015089 -0.016292
v 0.084216 -0.015089 -0.018525
v 0.083477 -0.015089 -0.017856
v 0.082807 -0.015089 -0.017119
v 0.087445 -0.014109 -0.016268
v 0.086739 -0.014109 -0.015797
v 0.086101 -0.014109 -0.015238
v 0.085541 -0.014109 -0.014601
v 0.086518 -0.014109 -0.017871
v 0.085610 -0.014109 -0.017266
v 0.084789 -0.014109 -0.016547
v 0.084069 -0.014109 -0.015728
v 0.085045 -0.014109 -0.018000
v 0.084133 -0.014109 -0.017202
v 0.083333 -0.014109 -0.016292
v 0.084216 -0.014109 -0.018525
v 0.083477 -0.014109 -0.017856
v 0.082807 -0.014109 -0.017119
v 0.085069 -0.015089 -0.013897
v 0.084693 -0.015089 -0.013136
v 0.084420 -0.015089 -0.012334
v 0.084255 -0.015089 -0.011503
v 0.083462 -0.015089 -0.014822
v 0.082979 -0.015089 -0.013845
v 0.082628 -0.015089 -0.012813
v 0.082415 -0.015089 -0.011744
v 0.082122 -0.015089 -0.014199
v 0.081732 -0.015089 -0.013053
v 0.081496 -0.015089 -0.011865
v 0.081141 -0.015089 -0.014240
v 0.080836 -0.015089 -0.013292
v 0.080626 -0.015089 -0.012319
v 0.085069 -0.014109 -0.013897
v 0.084693 -0.014109 -0.013136
v 0.084420 -0.014109 -0.012334
v 0.084255 -0.014109 -0.011503
v 0.083462 -0.014109 -0.014822
v 0.082979 -0.014109 -0.013845
v 0.082628 -0.014109 -0.012813
v 0.082415 -0.014109 -0.011744
v 0.082122 -0.014109 -0.014199
v 0.081732 -0.014109 -0.013053
v 0.081496 -0.014109 -0.011865
v 0.081141 -0.014109 -0.014240
v 0.080836 -0.014109 -0.013292
v 0.080626 -0.014109 -0.012319
v 0.084199 -0.015089 -0.010657
v 0.084255 -0.015089 -0.009811
v 0.084420 -0.015089 -0.008980
v 0.084693 -0.015089 -0.008177
v 0.082344 -0.015089 -0.010657
v 0.082415 -0.015089 -0.009570
v 0.082628 -0.015089 -0.008501
v 0.082979 -0.015089 -0.007469
v 0.081496 -0.015089 -0.009449
v 0.081732 -0.015089 -0.008261
v 0.082122 -0.015089 -0.007115
v 0.080626 -0.015089 -0.008995
v 0.080836 -0.015089 -0.008022
v 0.081141 -0.015089 -0.007074
v 0.084199 -0.014109 -0.010657
v 0.084255 -0.014109 -0.009811
v 0.084420 -0.014109 -0.008980
v 0.084693 -0.014109 -0.008177
v 0.082344 -0.014109 -0.010657
v 0.082415 -0.014109 -0.009570
v 0.082628 -0.014109 -0.008501
v 0.082979 -0.014109 -0.007469
v 0.081496 -0.014109 -0.009449
v 0.081732 -0.014109 -0.008261
v 0.082122 -0.014109 -0.007115
v 0.080626 -0.014109 -0.008995
v 0.080836 -0.014109 -0.008022
v 0.081141 -0.014109 -0.007074
v 0.085069 -0.015089 -0.007417
v 0.085541 -0.015089 -0.006713
v 0.086101 -0.015089 -0.006075
v 0.086739 -0.015089 -0.005517
v 0.083462 -0.015089 -0.006492
v 0.084069 -0.015089 -0.005586
v 0.084789 -0.015089 -0.004766
v 0.085610 -0.015089 -0.004048
v 0.083333 -0.015089 -0.005022
v 0.084133 -0.015089 -0.004112
v 0.085045 -0.015089 -0.003314
v 0.082807 -0.015089 -0.004195
v 0.083477 -0.015089 -0.003457
v 0.084216 -0.015089 -0.002789
v 0.085069 -0.014109 -0.007417
v 0.085541 -0.014109 -0.006713
v 0.086101 -0.014109 -0.006075
v 0.086739 -0.014109 -0.005517
v 0.083462 -0.014109 -0.006492
v 0.084069 -0.014109 -0.005586
v 0.084789 -0.014109 -0.004766
v 0.085610 -0.014109 -0.004048
v 0.083333 -0.014109 -0.005022
v 0.084133 -0.014109 -0.004112
v 0.085045 -0.014109 -0.003314
v 0.082807 -0.014109 -0.004195
v 0.083477 -0.014109 -0.003457
v 0.084216 -0.014109 -0.002789
v 0.087445 -0.015089 -0.005046
v 0.088207 -0.015089 -0.004671
v 0.089011 -0.015089 -0.004398
v 0.089844 -0.015089 -0.004233
v 0.086518 -0.015089 -0.003442
v 0.087497 -0.015089 -0.002961
v 0.088531 -0.015089 -0.002610
v 0.089602 -0.015089 -0.002398
v 0.087142 -0.015089 -0.002105
v 0.088291 -0.015089 -0.001716
v 0.089481 -0.015089 -0.001480
v 0.087101 -0.015089 -0.001127
v 0.088051 -0.015089 -0.000822
v 0.089026 -0.015089 -0.000612
v 0.087445 -0.014109 -0.005046
v 0.088207 -0.014109 -0.004671
v 0.089011 -0.014109 -0.004398
v 0.089844 -0.014109 -0.004233
v 0.086518 -0.014109 -0.003442
v 0.087497 -0.014109 -0.002961
v 0.088531 -0.014109 -0.002610
v 0.089602 -0.014109 -0.002398
v 0.087142 -0.014109 -0.002105
v 0.088291 -0.014109 -0.001716
v 0.089481 -0.014109 -0.001480
v 0.087101 -0.014109 -0.001127
v 0.088051 -0.014109 -0.000822
v 0.089026 -0.014109 -0.000612
v 0.090692 -0.015089 -0.004178
v 0.091539 -0.015089 -0.004233
v 0.092372 -0.015089 -0.004398
v 0.093177 -0.015089 -0.004671
v 0.090692 -0.015089 -0.002326
v 0.091781 -0.015089 -0.002398
v 0.092852 -0.015089 -0.002610
v 0.093886 -0.015089 -0.002961
v 0.091903 -0.015089 -0.001480
v 0.093093 -0.015089 -0.001716
v 0.094241 -0.015089 -0.002105
v 0.092357 -0.015089 -0.000612
v 0.093333 -0.015089 -0.000822
v 0.094282 -0.015089 -0.001127
v 0.090692 -0.014109 -0.004178
v 0.091539 -0.014109 -0.004233
v 0.092372 -0.014109 -0.004398
v 0.093177 -0.014109 -0.004671
v 0.090692 -0.014109 -0.002326
v 0.091781 -0.014109 -0.002398
v 0.092852 -0.014109 -0.002610
v 0.093886 -0.014109 -0.002961
v 0.091903 -0.014109 -0.001480
v 0.093093 -0.014109 -0.001716
v 0.094241 -0.014109 -0.002105
v 0.092357 -0.014109 -0.000612
v 0.093333 -0.014109 -0.000822
v 0.094282 -0.014109 -0.001127
v 0.093938 -0.015089 -0.005046
v 0.094644 -0.015089 -0.005517
v 0.095283 -0.015089 -0.006075
v 0.095843 -0.015089 -0.006713
v 0.094866 -0.015089 -0.003442
v 0.095774 -0.015089 -0.004048
v 0.096595 -0.015089 -0.004766
v 0.097315 -0.015089 -0.005586
v 0.096338 -0.015089 -0.003314
v 0.097251 -0.015089 -0.004112
v 0.098051 -0.015089 -0.005022
v 0.097167 -0.015089 -0.002789
v 0.097906 -0.015089 -0.003457
v 0.098577 -0.015089 -0.004195
v 0.093938 -0.014109 -0.005046
v 0.094644 -0.014109 -0.005517
v 0.095283 -0.014109 -0.006075
v 0.095843 -0.014109 -0.006713
v 0.094866 -0.014109 -0.003442
v 0.095774 -0.014109 -0.004048
v 0.096595 -0.014109 -0.004766
v 0.097315 -0.014109 -0.005586
v 0.096338 -0.014109 -0.003314
v 0.097251 -0.014109 -0.004112
v 0.098051 -0.014109 -0.005022
v 0.097167 -0.014109 -0.002789
v 0.097906 -0.014109 -0.003457
v 0.098577 -0.014109 -0.004195
v 0.096315 -0.015089 -0.007417
v 0.096690 -0.015089 -0.008177
v 0.096963 -0.015089 -0.008980
v 0.097129 -0.015089 -0.009811
v 0.097921 -0.015089 -0.006492
v 0.098404 -0.015089 -0.007469
v 0.098755 -0.015089 -0.008501
v 0.098968 -0.015089 -0.009570
v 0.099261 -0.015089 -0.007115
v 0.099651 -0.015089 -0.008261
v 0.099888 -0.015089 -0.009449
v 0.100242 -0.015089 -0.007074
v 0.100547 -0.015089 -0.008022
v 0.100758 -0.015089 -0.008995
v 0.096315 -0.014109 -0.007417
v 0.096690 -0.014109 -0.008177
v 0.096963 -0.014109 -0.008980
v 0.097129 -0.014109 -0.009811
v 0.097921 -0.014109 -0.006492
v 0.098404 -0.014109 -0.007469
v 0.098755 -0.014109 -0.008501
v 0.098968 -0.014109 -0.009570
v 0.099261 -0.014109 -0.007115
v 0.099651 -0.014109 -0.008261
v 0.099888 -0.014109 -0.009449
v 0.100242 -0.014109 -0.007074
v 0.100547 -0.014109 -0.008022
v 0.100758 -0.014109 -0.008995
v 0.097185 -0.015089 -0.010657
v 0.097129 -0.015089 -0.011503
v 0.096963 -0.015089 -0.012334
v 0.096690 -0.015089 -0.013136
v 0.099040 -0.015089 -0.010657
v 0.098968 -0.015089 -0.011744
v 0.098755 -0.015089 -0.012813
v 0.098404 -0.015089 -0.013845
v 0.099888 -0.015089 -0.011865
v 0.099651 -0.015089 -0.013053
v 0.099261 -0.015089 -0.014199
v 0.100758 -0.015089 -0.012319
v 0.100547 -0.015089 -0.013292
v 0.100242 -0.015089 -0.014240
v 0.097185 -0.014109 -0.010657
v 0.097129 -0.014109 -0.011503
v 0.096963 -0.014109 -0.012334
v 0.096690 -0.014109 -0.013136
v 0.099040 -0.014109 -0.010657
v 0.098968 -0.014109 -0.011744
v 0.098755 -0.014109 -0.012813
v 0.098404 -0.014109 -0.013845
v 0.099888 -0.014109 -0.011865
v 0.099651 -0.014109 -0.013053
v 0.099261 -0.014109 -0.014199
v 0.100758 -0.014109 -0.012319
v 0.100547 -0.014109 -0.013292
v 0.100242 -0.014109 -0.014240
v 0.096315 -0.015089 -0.013897
v 0.095843 -0.015089 -0.014601
v 0.095283 -0.015089 -0.015238
v 0.094644 -0.015089 -0.015797
v 0.097921 -0.015089 -0.014822
v 0.097315 -0.015089 -0.015728
v 0.096595 -0.015089 -0.016547
v 0.095774 -0.015089 -0.017266
v 0.098051 -0.015089 -0.016292
v 0.097251 -0.015089 -0.017202
v 0.096338 -0.015089 -0.018000
v 0.098577 -0.015089 -0.017119
v 0.097906 -0.015089 -0.017856
v 0.097167 -0.015089 -0.018525
v 0.096315 -0.014109 -0.013897
v 0.095843 -0.014109 -0.014601
v 0.095283 -0.014109 -0.015238
v 0.094644 -0.014109 -0.015797
v 0.097921 -0.014109 -0.014822
v 0.097315 -0.014109 -0.015728
v 0.096595 -0.014109 -0.016547
v 0.095774 -0.014109 -0.017266
v 0.098051 -0.014109 -0.016292
v 0.097251 -0.014109 -0.017202
v 0.096338 -0.014109 -0.018000
v 0.098577 -0.014109 -0.017119
v 0.097906 -0.014109 -0.017856
v 0.097167 -0.014109 -0.018525
v 0.093938 -0.015089 -0.016268
v 0.093177 -0.015089 -0.016643
v 0.092372 -0.015089 -0.016915
v 0.091539 -0.015089 -0.017081
v 0.094866 -0.015089 -0.017871
v 0.093886 -0.015089 -0.018353
v 0.092852 -0.015089 -0.018704
v 0.091781 -0.015089 -0.018916
v 0.094241 -0.015089 -0.019208
v 0.093093 -0.015089 -0.019598
v 0.091903 -0.015089 -0.019834
v 0.094282 -0.015089 -0.020187
v 0.093333 -0.015089 -0.020492
v 0.092357 -0.015089 -0.020702
v 0.093938 -0.014109 -0.016268
v 0.093177 -0.014109 -0.016643
v 0.092372 -0.014109 -0.016915
v 0.091539 -0.014109 -0.017081
v 0.094866 -0.014109 -0.017871
v 0.093886 -0.014109 -0.018353
v 0.092852 -0.014109 -0.018704
v 0.091781 -0.014109 -0.018916
v 0.094241 -0.014109 -0.019208
v 0.093093 -0.014109 -0.019598
v 0.091903 -0.014109 -0.019834
v 0.094282 -0.014109 -0.020187
v 0.093333 -0.014109 -0.020492
v 0.092357 -0.014109 -0.020702
v 0.089926 -0.009852 0.018295
v 0.092673 -0.009852 0.019881
v 0.089729 -0.009774 0.018636
v 0.092476 -0.009774 0.020222
v 0.089562 -0.009550 0.018926
v 0.092309 -0.009550 0.020512
v 0.089450 -0.009216 0.019119
v 0.092197 -0.009216 0.020705
v 0.089411 -0.008822 0.019187
v 0.092158 -0.008822 0.020773
v 0.089450 -0.008428 0.019119
v 0.092197 -0.008428 0.020705
v 0.089562 -0.008093 0.018926
v 0.092309 -0.008093 0.020512
v 0.089729 -0.007870 0.018636
v 0.092476 -0.007870 0.020222
v 0.089926 -0.007792 0.018295
v 0.092673 -0.007792 0.019881
v 0.090123 -0.007870 0.017954
v 0.092870 -0.007870 0.019539
v 0.090290 -0.008093 0.017664
v 0.093037 -0.008093 0.019250
v 0.090402 -0.008428 0.017471
v 0.093149 -0.008428 0.019057
v 0.090441 -0.008822 0.017403
v 0.093188 -0.008822 0.018989
v 0.090402 -0.009216 0.017471
v 0.093149 -0.009216 0.019057
v 0.090290 -0.009550 0.017664
v 0.093037 -0.009550 0.019250
v 0.090123 -0.009774 0.017954
v 0.092870 -0.009774 0.019539
v 0.093722 -0.009565 0.020842
v 0.093876 -0.009627 0.020575
v 0.093591 -0.009391 0.021068
v 0.093504 -0.009130 0.021219
v 0.093473 -0.008822 0.021272
v 0.093504 -0.008514 0.021219
v 0.093591 -0.008253 0.021068
v 0.093722 -0.008078 0.020842
v 0.093876 -0.008017 0.020575
v 0.094030 -0.008078 0.020309
v 0.094160 -0.008253 0.020083
v 0.094248 -0.008514 0.019931
v 0.094278 -0.008822 0.019878
v 0.094248 -0.009130 0.019931
v 0.094160 -0.009391 0.020083
v 0.094030 -0.009565 0.020309
v 0.095295 -0.009700 0.021815
v 0.095477 -0.009772 0.021500
v 0.095141 -0.009494 0.022082
v 0.095038 -0.009185 0.022260
v 0.095002 -0.008822 0.022323
v 0.095038 -0.008458 0.022260
v 0.095141 -0.008150 0.022082
v 0.095295 -0.007944 0.021815
v 0.095477 -0.007872 0.021500
v 0.095659 -0.007944 0.021185
v 0.095813 -0.008150 0.020918
v 0.095916 -0.008458 0.020740
v 0.095952 -0.008822 0.020677
v 0.095916 -0.009185 0.020740
v 0.095813 -0.009494 0.020918
v 0.095659 -0.009700 0.021185
v 0.095943 -0.010235 0.022445
v 0.096235 -0.010351 0.021938
v 0.095695 -0.009903 0.022874
v 0.095529 -0.009407 0.023162
v 0.095471 -0.008822 0.023262
v 0.095529 -0.008236 0.023162
v 0.095695 -0.007740 0.022874
v 0.095943 -0.007409 0.022445
v 0.096235 -0.007292 0.021938
v 0.096528 -0.007409 0.021431
v 0.096776 -0.007740 0.021001
v 0.096942 -0.008236 0.020714
v 0.097000 -0.008822 0.020613
v 0.096942 -0.009407 0.020714
v 0.096776 -0.009903 0.021001
v 0.096528 -0.010235 0.021431
v 0.100028 -0.010235 0.024803
v 0.100321 -0.010351 0.024296
v 0.099780 -0.009903 0.025233
v 0.099614 -0.009407 0.025520
v 0.099556 -0.008822 0.025621
v 0.099614 -0.008236 0.025520
v 0.099780 -0.007740 0.025233
v 0.100028 -0.007409 0.024803
v 0.100321 -0.007292 0.024296
v 0.100613 -0.007409 0.023789
v 0.100861 -0.007740 0.023360
v 0.101027 -0.008236 0.023072
v 0.101085 -0.008822 0.022972
v 0.101027 -0.009407 0.023072
v 0.100861 -0.009903 0.023360
v 0.100613 -0.010235 0.023789
v 0.101373 -0.009782 0.025363
v 0.101571 -0.009861 0.025018
v 0.101204 -0.009556 0.025655
v 0.101092 -0.009219 0.025850
v 0.101052 -0.008822 0.025918
v 0.101092 -0.008424 0.025850
v 0.101204 -0.008087 0.025655
v 0.101373 -0.007862 0.025363
v 0.101571 -0.007783 0.025018
v 0.101770 -0.007862 0.024674
v 0.101939 -0.008087 0.024382
v 0.102051 -0.008424 0.024187
v 0.102091 -0.008822 0.024119
v 0.102051 -0.009219 0.024187
v 0.101939 -0.009556 0.024382
v 0.101770 -0.009782 0.024674
v 0.093863 -0.007717 0.017678
v 0.092898 -0.005420 0.017678
v 0.093863 -0.004366 0.017678
v 0.093567 -0.007717 0.019169
v 0.092675 -0.005420 0.018799
v 0.093567 -0.004366 0.019169
v 0.092723 -0.007717 0.020432
v 0.092040 -0.005420 0.019750
v 0.092723 -0.004366 0.020432
v 0.091459 -0.007717 0.021276
v 0.091090 -0.005420 0.020385
v 0.091459 -0.004366 0.021276
v 0.089969 -0.007717 0.021573
v 0.089969 -0.005420 0.020608
v 0.089969 -0.004366 0.021573
v 0.088478 -0.007717 0.021276
v 0.088848 -0.005420 0.020385
v 0.088478 -0.004366 0.021276
v 0.087215 -0.007717 0.020432
v 0.087897 -0.005420 0.019750
v 0.087215 -0.004366 0.020432
v 0.086370 -0.007717 0.019169
v 0.087262 -0.005420 0.018799
v 0.086370 -0.004366 0.019169
v 0.086074 -0.007717 0.017678
v 0.087039 -0.005420 0.017678
v 0.086074 -0.004366 0.017678
v 0.086370 -0.007717 0.016188
v 0.087262 -0.005420 0.016557
v 0.086370 -0.004366 0.016188
v 0.087215 -0.007717 0.014924
v 0.087897 -0.005420 0.015607
v 0.087215 -0.004366 0.014924
v 0.088478 -0.007717 0.014080
v 0.088848 -0.005420 0.014972
v 0.088478 -0.004366 0.014080
v 0.089969 -0.007717 0.013784
v 0.089969 -0.005420 0.014749
v 0.089969 -0.004366 0.013784
v 0.091459 -0.007717 0.014080
v 0.091090 -0.005420 0.014972
v 0.091459 -0.004366 0.014080
v 0.092723 -0.007717 0.014924
v 0.092040 -0.005420 0.015607
v 0.092723 -0.004366 0.014924
v 0.093567 -0.007717 0.016188
v 0.092675 -0.005420 0.016557
v 0.093567 -0.004366 0.016188
v 0.092898 -0.004366 0.017678
v 0.089969 -0.004366 0.014749
v 0.087039 -0.004366 0.017678
v 0.089969 -0.004366 0.020608
v 0.087897 -0.004366 0.015607
v 0.088848 -0.004366 0.014972
v 0.091090 -0.004366 0.014972
v 0.092675 -0.004366 0.016557
v 0.092040 -0.004366 0.019750
v 0.092675 -0.004366 0.018799
v 0.092040 -0.004366 0.015607
v 0.087262 -0.004366 0.016557
v 0.087262 -0.004366 0.018799
v 0.088848 -0.004366 0.020385
v 0.091090 -0.004366 0.020385
v 0.087897 -0.004366 0.019750
v 0.056126 -0.007717 0.040579
v 0.055685 -0.005420 0.039720
v 0.056126 -0.004366 0.040579
v 0.054664 -0.007717 0.040995
v 0.054586 -0.005420 0.040033
v 0.054664 -0.004366 0.040995
v 0.053155 -0.007717 0.040820
v 0.053450 -0.005420 0.039902
v 0.053155 -0.004366 0.040820
v 0.051827 -0.007717 0.040081
v 0.052452 -0.005420 0.039346
v 0.051827 -0.004366 0.040081
v 0.050883 -0.007717 0.038890
v 0.051742 -0.005420 0.038450
v 0.050883 -0.004366 0.038890
v 0.050467 -0.007717 0.037429
v 0.051428 -0.005420 0.037351
v 0.050467 -0.004366 0.037429
v 0.050641 -0.007717 0.035919
v 0.051560 -0.005420 0.036215
v 0.050641 -0.004366 0.035919
v 0.051380 -0.007717 0.034592
v 0.052116 -0.005420 0.035216
v 0.051380 -0.004366 0.034592
v 0.052571 -0.007717 0.033648
v 0.053011 -0.005420 0.034506
v 0.052571 -0.004366 0.033648
v 0.054033 -0.007717 0.033231
v 0.054111 -0.005420 0.034193
v 0.054033 -0.004366 0.033231
v 0.055542 -0.007717 0.033406
v 0.055246 -0.005420 0.034325
v 0.055542 -0.004366 0.033406
v 0.056870 -0.007717 0.034145
v 0.056245 -0.005420 0.034881
v 0.056870 -0.004366 0.034145
v 0.057814 -0.007717 0.035336
v 0.056955 -0.005420 0.035776
v 0.057814 -0.004366 0.035336
v 0.058230 -0.007717 0.036797
v 0.057268 -0.005420 0.036876
v 0.058230 -0.004366 0.036797
v 0.058056 -0.007717 0.038307
v 0.057137 -0.005420 0.038011
v 0.058056 -0.004366 0.038307
v 0.057317 -0.007717 0.039635
v 0.056581 -0.005420 0.039010
v 0.057317 -0.004366 0.039635
v 0.055685 -0.004366 0.039720
v 0.056955 -0.004366 0.035776
v 0.053011 -0.004366 0.034506
v 0.051742 -0.004366 0.038450
v 0.055246 -0.004366 0.034325
v 0.056245 -0.004366 0.034881
v 0.057268 -0.004366 0.036876
v 0.056581 -0.004366 0.039010
v 0.053450 -0.004366 0.039902
v 0.054586 -0.004366 0.040033
v 0.057137 -0.004366 0.038011
v 0.054111 -0.004366 0.034193
v 0.052116 -0.004366 0.035216
v 0.051428 -0.004366 0.037351
v 0.052452 -0.004366 0.039346
v 0.051560 -0.004366 0.036215
v 0.036322 -0.008806 0.032639
v 0.036232 -0.006509 0.031678
v 0.036322 -0.005454 0.032639
v 0.034810 -0.008806 0.032483
v 0.035095 -0.006509 0.031561
v 0.034810 -0.005454 0.032483
v 0.033474 -0.008806 0.031760
v 0.034090 -0.006509 0.031017
v 0.033474 -0.005454 0.031760
v 0.032515 -0.008806 0.030581
v 0.033369 -0.006509 0.030130
v 0.032515 -0.005454 0.030581
v 0.032081 -0.008806 0.029124
v 0.033042 -0.006509 0.029034
v 0.032081 -0.005454 0.029124
v 0.032238 -0.008806 0.027613
v 0.033160 -0.006509 0.027897
v 0.032238 -0.005454 0.027613
v 0.032960 -0.008806 0.026276
v 0.033703 -0.006509 0.026892
v 0.032960 -0.005454 0.026276
v 0.034140 -0.008806 0.025318
v 0.034591 -0.006509 0.026171
v 0.034140 -0.005454 0.025318
v 0.035596 -0.008806 0.024884
v 0.035686 -0.006509 0.025844
v 0.035596 -0.005454 0.024884
v 0.037108 -0.008806 0.025040
v 0.036823 -0.006509 0.025962
v 0.037108 -0.005454 0.025040
v 0.038444 -0.008806 0.025763
v 0.037829 -0.006509 0.026506
v 0.038444 -0.005454 0.025763
v 0.039403 -0.008806 0.026942
v 0.038549 -0.006509 0.027393
v 0.039403 -0.005454 0.026942
v 0.039837 -0.008806 0.028398
v 0.038876 -0.006509 0.028488
v 0.039837 -0.005454 0.028398
v 0.039680 -0.008806 0.029910
v 0.038758 -0.006509 0.029625
v 0.039680 -0.005454 0.029910
v 0.038958 -0.008806 0.031247
v 0.038215 -0.006509 0.030631
v 0.038958 -0.005454 0.031247
v 0.037778 -0.008806 0.032205
v 0.037327 -0.006509 0.031352
v 0.037778 -0.005454 0.032205
v 0.036232 -0.005454 0.031678
v 0.038876 -0.005454 0.028488
v 0.035686 -0.005454 0.025844
v 0.033042 -0.005454 0.029034
v 0.037829 -0.005454 0.026506
v 0.038549 -0.005454 0.027393
v 0.038758 -0.005454 0.029625
v 0.037327 -0.005454 0.031352
v 0.034090 -0.005454 0.031017
v 0.035095 -0.005454 0.031561
v 0.038215 -0.005454 0.030631
v 0.036823 -0.005454 0.025962
v 0.034591 -0.005454 0.026171
v 0.033160 -0.005454 0.027897
v 0.033369 -0.005454 0.030130
v 0.033703 -0.005454 0.026892
v 0.035277 -0.015656 -0.048664
v 0.035277 -0.011655 -0.048664
v 0.035277 -0.017663 -0.043520
v 0.035277 -0.009648 -0.043520
v 0.079655 -0.015656 -0.048664
v 0.079655 -0.011655 -0.048664
v 0.079655 -0.017663 -0.043520
v 0.079655 -0.009648 -0.043520
v 0.074440 -0.017663 -0.043520
v 0.040492 -0.017663 -0.043520
v 0.040492 -0.009648 -0.043520
v 0.074440 -0.009648 -0.043520
v 0.040492 -0.016172 -0.048664
v 0.074440 -0.016172 -0.048664
v 0.074440 -0.011139 -0.048664
v 0.040492 -0.011139 -0.048664
v 0.035277 -0.009648 -0.019188
v 0.035277 -0.017663 -0.019188
v 0.040492 -0.017663 -0.019188
v 0.074440 -0.009648 -0.019188
v 0.079655 -0.009648 -0.019188
v 0.079655 -0.017663 -0.019188
v 0.074440 -0.017663 -0.019188
v 0.040492 -0.009648 -0.019188
v 0.079655 -0.015656 0.049901
v 0.079655 -0.011655 0.049901
v 0.079655 -0.017663 0.044757
v 0.079655 -0.009648 0.044757
v 0.035277 -0.015656 0.049901
v 0.035277 -0.011655 0.049901
v 0.035277 -0.017663 0.044757
v 0.035277 -0.009648 0.044757
v 0.040492 -0.017663 0.044757
v 0.074440 -0.017663 0.044757
v 0.074440 -0.009648 0.044757
v 0.040492 -0.009648 0.044757
v 0.074440 -0.016172 0.049901
v 0.040492 -0.016172 0.049901
v 0.040492 -0.011139 0.049901
v 0.074440 -0.011139 0.049901
v 0.079655 -0.009648 0.020425
v 0.079655 -0.017663 0.020425
v 0.074440 -0.017663 0.020425
v 0.040492 -0.009648 0.020425
v 0.035277 -0.009648 0.020425
v 0.035277 -0.017663 0.020425
v 0.040492 -0.017663 0.020425
v 0.074440 -0.009648 0.020425
vn 0.2588 -0.0000 -0.9659
vn 0.7071 -0.0000 -0.7071
vn 0.9659 -0.0000 -0.2588
vn 0.9659 -0.0000 0.2588
vn 0.7071 -0.0000 0.7071
vn 0.2588 -0.0000 0.9659
vn -0.2588 -0.0000 0.9659
vn -0.7071 -0.0000 0.7071
vn -0.9659 -0.0000 0.2588
vn -0.9659 -0.0000 -0.2588
vn -0.0000 1.0000 -0.0000
vn -0.7071 -0.0000 -0.7071
vn -0.2588 -0.0000 -0.9659
vn -0.0000 -1.0000 -0.0000
vn 0.0975 -0.9808 -0.1690
vn 0.2778 -0.8315 -0.4811
vn 0.4157 -0.5556 -0.7201
vn 0.4904 -0.1951 -0.8494
vn 0.4904 0.1951 -0.8494
vn 0.4157 0.5556 -0.7201
vn 0.2778 0.8315 -0.4811
vn 0.0975 0.9808 -0.1690
vn -0.0975 0.9808 0.1690
vn -0.2778 0.8315 0.4811
vn -0.4157 0.5556 0.7201
vn -0.4904 0.1951 0.8494
vn -0.4904 -0.1951 0.8494
vn -0.4157 -0.5556 0.7201
vn -0.2323 -0.9686 0.0884
vn -0.2778 -0.8315 0.4811
vn -0.0975 -0.9808 0.1689
vn 0.8660 -0.0000 0.5000
vn -0.2104 -0.8290 0.5181
vn 0.3483 -0.1927 -0.9174
vn -0.2323 0.9686 0.0884
vn -0.5465 -0.5487 0.6326
vn 0.1384 -0.8212 -0.5537
vn 0.1384 0.8212 -0.5537
vn -0.6203 0.1927 0.7603
vn 0.3483 0.1927 -0.9174
vn -0.4103 0.8211 0.3967
vn -0.4103 -0.8211 0.3967
vn 0.2746 -0.5487 -0.7897
vn -0.0396 0.9686 -0.2454
vn -0.0396 -0.9686 -0.2454
vn -0.6203 -0.1927 0.7603
vn 0.2746 0.5487 -0.7897
vn -0.5465 0.5487 0.6326
vn 0.8829 0.1636 -0.4402
vn 0.1638 0.9779 -0.1300
vn 0.1638 -0.9779 -0.1300
vn -0.0307 -0.9779 0.2069
vn -0.0307 0.9779 0.2069
vn 0.3435 -0.8290 -0.4413
vn -0.2104 0.8290 0.5181
vn 0.4811 -0.5539 -0.6795
vn -0.3480 0.5539 0.7564
vn 0.5555 -0.1945 -0.8084
vn -0.4224 0.1945 0.8853
vn 0.5555 0.1945 -0.8084
vn -0.4224 -0.1945 0.8853
vn 0.4811 0.5539 -0.6795
vn -0.3480 -0.5539 0.7564
vn 0.3435 0.8290 -0.4413
vn 0.0602 -0.1636 0.9847
vn 0.8202 0.4660 -0.3317
vn 0.1228 -0.4660 0.8762
vn 0.7045 0.6974 -0.1313
vn 0.2385 -0.6974 0.6758
vn 0.5533 0.8227 0.1305
vn 0.5533 -0.8227 0.1305
vn 0.3897 -0.8227 0.4139
vn 0.3897 0.8227 0.4139
vn 0.7045 -0.6974 -0.1313
vn 0.2385 0.6974 0.6758
vn 0.8202 -0.4660 -0.3317
vn 0.1228 0.4660 0.8762
vn 0.8829 -0.1636 -0.4402
vn 0.0602 0.1636 0.9847
vn -0.5374 -0.7888 0.2983
vn -0.0975 -0.9808 0.1690
vn -0.8660 -0.0000 -0.5000
vn -0.1813 0.9304 -0.3184
vn -0.1813 -0.9304 -0.3184
vn -0.3664 -0.9304 0.0022
vn -0.3664 0.9304 0.0022
vn -0.0103 -0.7888 -0.6146
vn -0.5374 0.7888 0.2983
vn 0.1205 -0.5271 -0.8412
vn -0.6683 0.5270 0.5250
vn 0.1913 -0.1851 -0.9639
vn -0.7391 0.1851 0.6477
vn 0.1913 0.1851 -0.9639
vn -0.7391 -0.1851 0.6477
vn 0.1205 0.5271 -0.8412
vn -0.6683 -0.5270 0.5250
vn -0.0103 0.7888 -0.6146
vn -0.9808 -0.0000 -0.1951
vn -0.8315 -0.0000 -0.5556
vn -0.5556 -0.0000 -0.8315
vn -0.1951 -0.0000 -0.9808
vn 0.1951 -0.0000 -0.9808
vn 0.5556 -0.0000 -0.8315
vn 0.8315 -0.0000 -0.5556
vn 0.9808 -0.0000 -0.1951
vn 0.9808 -0.0000 0.1951
vn 0.8315 -0.0000 0.5556
vn 0.5556 -0.0000 0.8315
vn 0.1951 -0.0000 0.9808
vn -0.1951 -0.0000 0.9808
vn -0.5556 -0.0000 0.8315
vn -0.8315 -0.0000 0.5556
vn -0.9808 -0.0000 0.1951
vn -0.2740 -0.0000 -0.9617
vn 0.1149 -0.0000 -0.9934
vn 0.4863 -0.0000 -0.8738
vn 0.7837 -0.0000 -0.6212
vn 0.9617 -0.0000 -0.2740
vn 0.9934 -0.0000 0.1149
vn 0.8738 -0.0000 0.4863
vn 0.6212 -0.0000 0.7837
vn 0.2740 -0.0000 0.9617
vn -0.1149 -0.0000 0.9934
vn -0.4863 -0.0000 0.8738
vn -0.7837 -0.0000 0.6212
vn -0.9617 -0.0000 0.2740
vn -0.9934 -0.0000 -0.1149
vn -0.8738 -0.0000 -0.4863
vn -0.6212 -0.0000 -0.7837
vn 0.1029 -0.0000 -0.9947
vn 0.4757 -0.0000 -0.8796
vn 0.7761 -0.0000 -0.6306
vn 0.9583 -0.0000 -0.2856
vn 0.9947 -0.0000 0.1029
vn 0.8796 -0.0000 0.4757
vn 0.6306 -0.0000 0.7761
vn 0.2856 -0.0000 0.9583
vn -0.1029 -0.0000 0.9947
vn -0.4757 -0.0000 0.8796
vn -0.7761 -0.0000 0.6306
vn -0.9583 -0.0000 0.2856
vn -0.9947 -0.0000 -0.1028
vn -0.8796 -0.0000 -0.4757
vn -0.6306 -0.0000 -0.7761
vn -0.2856 -0.0000 -0.9583
vn -0.9947 -0.0000 -0.1029
vn -0.0653 -0.0000 -0.9979
vn 0.9914 -0.0000 -0.1308
vn 0.8858 -0.0000 -0.4641
vn -0.2109 -0.0000 -0.9775
vn -0.3052 -0.0000 -0.9523
vn -0.9991 -0.0000 0.0419
vn -0.9236 -0.0000 0.3834
vn -0.5548 -0.0000 -0.8320
vn 0.7927 -0.0000 -0.6096
vn 0.5350 -0.0000 -0.8449
vn -0.6709 -0.0000 -0.7415
vn -0.7401 -0.0000 -0.6725
vn -0.8438 -0.0000 0.5366
vn -0.6080 -0.0000 0.7940
vn -0.4415 -0.0000 -0.8972
vn -0.8965 -0.0000 -0.4430
vn 0.3820 -0.0000 -0.9242
vn 0.0418 -0.0000 -0.9991
vn -0.9519 -0.0000 -0.3063
vn -0.9773 -0.0000 -0.2117
vn -0.4626 -0.0000 0.8866
vn -0.1302 -0.0000 0.9915
vn -0.8309 -0.0000 -0.5564
vn -0.9978 -0.0000 0.0655
vn -0.1302 -0.0000 -0.9915
vn -0.4626 -0.0000 -0.8866
vn -0.9773 -0.0000 0.2117
vn -0.9519 -0.0000 0.3063
vn 0.0418 -0.0000 0.9991
vn 0.3820 -0.0000 0.9242
vn -0.9978 -0.0000 -0.0655
vn -0.8309 -0.0000 0.5564
vn -0.6080 -0.0000 -0.7940
vn -0.8438 -0.0000 -0.5366
vn -0.7401 -0.0000 0.6725
vn -0.6709 -0.0000 0.7415
vn 0.5350 -0.0000 0.8448
vn 0.7927 -0.0000 0.6096
vn -0.8965 -0.0000 0.4430
vn -0.4416 -0.0000 0.8972
vn -0.9236 -0.0000 -0.3834
vn -0.9991 -0.0000 -0.0419
vn -0.3051 -0.0000 0.9523
vn -0.2109 -0.0000 0.9775
vn 0.8858 -0.0000 0.4641
vn 0.9914 -0.0000 0.1308
vn -0.5548 -0.0000 0.8320
vn 0.0653 -0.0000 0.9979
vn -0.9914 -0.0000 0.1308
vn -0.8858 -0.0000 0.4641
vn 0.2109 -0.0000 0.9775
vn 0.3051 -0.0000 0.9523
vn 0.9991 -0.0000 -0.0419
vn 0.9236 -0.0000 -0.3834
vn -0.0653 -0.0000 0.9979
vn 0.5548 -0.0000 0.8320
vn -0.7927 -0.0000 0.6096
vn -0.5350 -0.0000 0.8449
vn 0.6709 -0.0000 0.7415
vn 0.7401 -0.0000 0.6725
vn 0.8438 -0.0000 -0.5366
vn 0.6080 -0.0000 -0.7940
vn 0.4415 -0.0000 0.8972
vn 0.8965 -0.0000 0.4430
vn -0.3820 -0.0000 0.9242
vn -0.0418 -0.0000 0.9991
vn 0.9519 -0.0000 0.3063
vn 0.9773 -0.0000 0.2117
vn 0.4626 -0.0000 -0.8866
vn 0.1302 -0.0000 -0.9915
vn 0.8309 -0.0000 0.5564
vn 0.9978 -0.0000 -0.0655
vn 0.1302 -0.0000 0.9915
vn 0.4626 -0.0000 0.8866
vn 0.9773 -0.0000 -0.2117
vn 0.9519 -0.0000 -0.3063
vn -0.0418 -0.0000 -0.9991
vn -0.3820 -0.0000 -0.9242
vn 0.9978 -0.0000 0.0655
vn 0.8309 -0.0000 -0.5564
vn 0.6080 -0.0000 0.7940
vn 0.8438 -0.0000 0.5366
vn 0.7401 -0.0000 -0.6725
vn 0.6709 -0.0000 -0.7415
vn -0.5350 -0.0000 -0.8448
vn -0.7927 -0.0000 -0.6096
vn 0.8965 -0.0000 -0.4430
vn 0.4416 -0.0000 -0.8972
vn 0.9236 -0.0000 0.3834
vn 0.9991 -0.0000 0.0420
vn 0.3051 -0.0000 -0.9523
vn 0.2109 -0.0000 -0.9775
vn -0.8858 -0.0000 -0.4641
vn -0.9914 -0.0000 -0.1308
vn 0.5548 -0.0000 -0.8320
vn 0.0653 -0.0000 -0.9979
vn 0.1947 -0.0000 0.9809
vn 0.3208 -0.0000 0.9471
vn 0.6586 -0.0000 0.7525
vn 0.7512 -0.0000 0.6601
vn 0.9467 -0.0000 0.3220
vn 0.9807 -0.0000 0.1955
vn 0.9978 -0.0000 0.0656
vn 0.9978 -0.0000 -0.0656
vn 0.9807 -0.0000 -0.1955
vn 0.9467 -0.0000 -0.3220
vn 0.7512 -0.0000 -0.6601
vn 0.6585 -0.0000 -0.7525
vn 0.4415 -0.0000 -0.8972
vn 0.3208 -0.0000 -0.9471
vn 0.1947 -0.0000 -0.9809
vn -0.1947 -0.0000 -0.9809
vn -0.3208 -0.0000 -0.9471
vn -0.6586 -0.0000 -0.7525
vn -0.7512 -0.0000 -0.6601
vn -0.9467 -0.0000 -0.3220
vn -0.9807 -0.0000 -0.1955
vn -0.9807 -0.0000 0.1955
vn -0.9467 -0.0000 0.3220
vn -0.7512 -0.0000 0.6601
vn -0.6585 -0.0000 0.7525
vn -0.4415 -0.0000 0.8972
vn -0.3208 -0.0000 0.9471
vn -0.1947 -0.0000 0.9809
vn 0.2323 -0.9686 -0.0884
vn 0.2104 -0.8290 -0.5181
vn -0.3483 -0.1927 0.9173
vn 0.2323 0.9686 -0.0884
vn 0.5466 -0.5487 -0.6326
vn -0.1384 -0.8212 0.5537
vn -0.1384 0.8212 0.5537
vn 0.6203 0.1927 -0.7603
vn -0.3483 0.1927 0.9173
vn 0.4103 0.8212 -0.3967
vn 0.4103 -0.8212 -0.3967
vn -0.2746 -0.5487 0.7896
vn 0.0396 0.9686 0.2454
vn 0.0396 -0.9686 0.2454
vn 0.6203 -0.1927 -0.7603
vn -0.2746 0.5487 0.7896
vn 0.5466 0.5487 -0.6326
vn -0.8828 0.1636 0.4402
vn -0.1638 0.9779 0.1300
vn -0.1638 -0.9779 0.1300
vn 0.0307 -0.9779 -0.2069
vn 0.0307 0.9779 -0.2069
vn -0.3435 -0.8290 0.4413
vn 0.2104 0.8290 -0.5181
vn -0.4811 -0.5539 0.6795
vn 0.3480 0.5539 -0.7564
vn -0.5555 -0.1945 0.8085
vn 0.4224 0.1945 -0.8853
vn -0.5555 0.1945 0.8085
vn 0.4224 -0.1945 -0.8853
vn -0.4811 0.5539 0.6795
vn 0.3480 -0.5539 -0.7564
vn -0.3435 0.8290 0.4413
vn -0.0602 -0.1636 -0.9847
vn -0.8202 0.4660 0.3318
vn -0.1228 -0.4660 -0.8762
vn -0.7045 0.6974 0.1313
vn -0.2385 -0.6974 -0.6758
vn -0.5533 0.8227 -0.1305
vn -0.5533 -0.8227 -0.1305
vn -0.3897 -0.8227 -0.4139
vn -0.3897 0.8227 -0.4139
vn -0.7045 -0.6974 0.1313
vn -0.2385 0.6974 -0.6758
vn -0.8202 -0.4660 0.3318
vn -0.1228 0.4660 -0.8762
vn -0.8828 -0.1636 0.4402
vn -0.0602 0.1636 -0.9847
vn 0.5374 -0.7888 -0.2983
vn 0.1813 0.9304 0.3184
vn 0.1813 -0.9304 0.3184
vn 0.3664 -0.9304 -0.0022
vn 0.3664 0.9304 -0.0022
vn 0.0103 -0.7888 0.6146
vn 0.5374 0.7888 -0.2983
vn -0.1205 -0.5271 0.8412
vn 0.6683 0.5270 -0.5250
vn -0.1913 -0.1851 0.9639
vn 0.7391 0.1851 -0.6477
vn -0.1913 0.1851 0.9639
vn 0.7391 -0.1851 -0.6477
vn -0.1205 0.5271 0.8412
vn 0.6683 -0.5270 -0.5250
vn 0.0103 0.7888 0.6146
vn 0.9947 -0.0000 0.1028
vn -1.0000 -0.0000 -0.0000
vn 1.0000 -0.0000 -0.0000
vn -0.0000 -0.0000 -1.0000
vn 0.0468 -0.9457 -0.3215
vn -0.0468 0.9457 -0.3215
vn 0.0468 0.9457 -0.3215
vn -0.0000 0.9605 -0.2784
vn -0.0468 -0.9457 -0.3215
vn -0.0000 -0.9605 -0.2784
vn -0.0000 -0.0000 1.0000
vn -0.0468 -0.9457 0.3215
vn 0.0468 0.9457 0.3215
vn -0.0468 0.9457 0.3215
vn -0.0000 0.9605 0.2784
vn 0.0468 -0.9457 0.3215
vn -0.0000 -0.9605 0.2784
vt 1.000000 0.500000
vt 1.000000 1.000000
vt 0.916667 1.000000
vt 0.916667 0.500000
vt 0.833333 1.000000
vt 0.833333 0.500000
vt 0.750000 1.000000
vt 0.750000 0.500000
vt 0.666667 1.000000
vt 0.666667 0.500000
vt 0.583333 1.000000
vt 0.583333 0.500000
vt 0.500000 1.000000
vt 0.500000 0.500000
vt 0.416667 1.000000
vt 0.416667 0.500000
vt 0.333333 1.000000
vt 0.333333 0.500000
vt 0.250000 1.000000
vt 0.250000 0.500000
vt 0.166667 1.000000
vt 0.166667 0.500000
vt 0.370000 0.457846
vt 0.250000 0.490000
vt 0.130000 0.457846
vt 0.042154 0.370000
vt 0.010000 0.250000
vt 0.042154 0.130000
vt 0.130000 0.042154
vt 0.250000 0.010000
vt 0.370000 0.042154
vt 0.457846 0.130000
vt 0.490000 0.250000
vt 0.457846 0.370000
vt 0.083333 1.000000
vt 0.083333 0.500000
vt 0.000000 1.000000
vt 0.000000 0.500000
vt 0.750000 0.490000
vt 0.870000 0.457846
vt 0.957846 0.370000
vt 0.990000 0.250000
vt 0.957846 0.130000
vt 0.870000 0.042154
vt 0.750000 0.010000
vt 0.630000 0.042154
vt 0.542154 0.130000
vt 0.510000 0.250000
vt 0.542154 0.370000
vt 0.630000 0.457846
vt 0.937500 1.000000
vt 0.937500 0.500000
vt 0.875000 1.000000
vt 0.875000 0.500000
vt 0.812500 1.000000
vt 0.812500 0.500000
vt 0.750000 1.000000
vt 0.750000 0.500000
vt 0.687500 1.000000
vt 0.687500 0.500000
vt 0.625000 1.000000
vt 0.625000 0.500000
vt 0.562500 1.000000
vt 0.562500 0.500000
vt 0.500000 1.000000
vt 0.500000 0.500000
vt 0.437500 1.000000
vt 0.437500 0.500000
vt 0.375000 1.000000
vt 0.375000 0.500000
vt 0.312500 1.000000
vt 0.312500 0.500000
vt 0.250000 1.000000
vt 0.250000 0.500000
vt 0.187500 1.000000
vt 0.187500 0.500000
vt 0.125000 1.000000
vt 0.125000 0.500000
vt 0.000000 1.000000
vt 0.062500 1.000000
vt 0.062500 0.500000
vt 0.000000 0.500000
vt 0.841844 0.471731
vt 0.919706 0.419706
vt 0.971731 0.341844
vt 0.971731 0.158156
vt 0.919706 0.080294
vt 0.841844 0.028269
vt 0.658156 0.028269
vt 0.580294 0.080294
vt 0.528269 0.158156
vt 0.528269 0.341844
vt 0.580294 0.419706
vt 0.658156 0.471731
vt 0.341844 0.471731
vt 0.158156 0.471731
vt 0.080294 0.419706
vt 0.028269 0.341844
vt 0.028269 0.158156
vt 0.080294 0.080294
vt 0.158156 0.028269
vt 0.341844 0.028269
vt 0.419706 0.080294
vt 0.471731 0.158156
vt 0.471731 0.341844
vt 0.419706 0.419706
vt 0.122348 0.122348
vt 0.377652 0.122348
vt 0.319085 0.083214
vt 0.250000 0.069472
vt 0.180915 0.083214
vt 0.083214 0.180915
vt 0.069472 0.250000
vt 0.083214 0.319085
vt 0.122348 0.377652
vt 0.180915 0.416786
vt 0.250000 0.430528
vt 0.319085 0.416786
vt 0.377652 0.377652
vt 0.416786 0.319085
vt 0.430528 0.250000
vt 0.416786 0.180915
vt 1.000000 0.565765
vt 0.937500 0.565764
vt 0.875000 0.565764
vt 0.812500 0.565765
vt 0.750000 0.565765
vt 0.687500 0.565764
vt 0.625000 0.565764
vt 0.562500 0.565765
vt 0.500000 0.565765
vt 0.437500 0.565764
vt 0.375000 0.565764
vt 0.312500 0.565765
vt 0.250000 0.565765
vt 0.187500 0.565764
vt 0.125000 0.565764
vt 0.062500 0.565765
vt 0.000000 0.565764
vt 0.000000 0.000000
vt 0.375000 0.000000
vt 0.375000 0.250000
vt 0.625000 0.250000
vt 0.625000 0.000000
vt 0.625000 0.333333
vt 0.375000 0.333333
vt 0.375000 0.750000
vt 0.625000 0.750000
vt 0.375000 0.916667
vt 0.625000 0.916667
vt 0.291667 0.500000
vt 0.291667 0.750000
vt 0.791667 0.500000
vt 0.791667 0.750000
vt 0.875000 0.750000
vt 0.708333 0.750000
vt 0.708333 0.500000
vt 0.125000 0.750000
vt 0.208333 0.750000
vt 0.208333 0.500000
vt 0.375000 0.833333
vt 0.625000 0.833333
vt 0.375000 0.416667
vt 0.625000 0.416667
s 0
usemtl Orange3DPrint
f 1017/165/352 1018/166/352 1020/167/352 1019/168/352
f 1019/168/353 1020/167/353 1022/169/353 1021/170/353
f 1021/170/354 1022/169/354 1024/171/354 1023/172/354
f 1023/172/355 1024/171/355 1026/173/355 1025/174/355
f 1025/174/356 1026/173/356 1028/175/356 1027/176/356
f 1027/176/357 1028/175/357 1030/177/357 1029/178/357
f 1029/178/358 1030/177/358 1032/179/358 1031/180/358
f 1031/180/359 1032/179/359 1034/181/359 1033/182/359
f 1033/182/360 1034/181/360 1036/183/360 1035/184/360
f 1035/184/361 1036/183/361 1038/185/361 1037/186/361
f 1020/187/362 1018/188/362 1040/189/362 1038/190/362 1036/191/362 1034/192/362 1032/193/362 1030/194/362 1028/195/362 1026/196/362 1024/197/362 1022/198/362
f 1037/186/363 1038/185/363 1040/199/363 1039/200/363
f 1039/200/364 1040/199/364 1018/201/364 1017/202/364
f 1017/203/365 1019/204/365 1021/205/365 1023/206/365 1025/207/365 1027/208/365 1029/209/365 1031/210/365 1033/211/365 1035/212/365 1037/213/365 1039/214/365
f 1041/165/366 1042/166/366 1044/215/366 1043/216/366
f 1043/216/367 1044/215/367 1046/217/367 1045/218/367
f 1045/218/368 1046/217/368 1048/219/368 1047/220/368
f 1047/220/369 1048/219/369 1050/221/369 1049/222/369
f 1049/222/370 1050/221/370 1052/223/370 1051/224/370
f 1051/224/371 1052/223/371 1054/225/371 1053/226/371
f 1053/226/372 1054/225/372 1056/227/372 1055/228/372
f 1055/228/373 1056/227/373 1058/229/373 1057/230/373
f 1057/230/374 1058/229/374 1060/231/374 1059/232/374
f 1059/232/375 1060/231/375 1062/233/375 1061/234/375
f 1061/234/376 1062/233/376 1064/235/376 1063/236/376
f 1063/236/377 1064/235/377 1066/237/377 1065/238/377
f 1065/238/378 1066/237/378 1068/239/378 1067/240/378
f 1067/240/379 1068/239/379 1070/241/379 1069/242/379
f 1042/243/380 1072/244/380 1088/244/380 1074/243/380
f 1069/242/381 1070/241/381 1072/244/381 1071/245/381
f 1071/245/382 1072/244/382 1042/243/382 1041/246/382
f 1041/203/383 1043/247/383 1045/248/383 1047/249/383 1049/206/383 1051/250/383 1053/251/383 1055/252/383 1057/209/383 1059/253/383 1061/254/383 1063/255/383 1065/212/383 1067/256/383 1069/257/383 1071/258/383
f 1088/244/384 1087/241/384 1103/241/384 1104/244/384
f 1050/221/385 1048/219/385 1076/219/385 1077/221/385
f 1060/231/386 1058/229/386 1081/229/386 1082/231/386
f 1070/241/387 1068/239/387 1086/239/387 1087/241/387
f 1046/217/388 1044/215/388 1073/215/388 1075/217/388
f 1056/227/389 1054/225/389 1079/225/389 1080/227/389
f 1066/237/390 1064/235/390 1084/235/390 1085/237/390
f 1052/223/391 1050/221/391 1077/221/391 1078/223/391
f 1062/233/392 1060/231/392 1082/231/392 1083/233/392
f 1072/244/393 1070/241/393 1087/241/393 1088/244/393
f 1048/219/394 1046/217/394 1075/217/394 1076/219/394
f 1058/229/395 1056/227/395 1080/227/395 1081/229/395
f 1044/215/396 1042/166/396 1074/166/396 1073/215/396
f 1068/239/397 1066/237/397 1085/237/397 1086/239/397
f 1054/225/398 1052/223/398 1078/223/398 1079/225/398
f 1064/235/399 1062/233/399 1083/233/399 1084/235/399
f 1094/223/400 1093/221/400 1109/221/400 1110/223/400
f 1081/229/401 1080/227/401 1096/227/401 1097/229/401
f 1073/215/402 1074/166/402 1090/166/402 1089/215/402
f 1074/243/403 1088/244/403 1104/244/403 1090/243/403
f 1082/231/404 1081/229/404 1097/229/404 1098/231/404
f 1075/217/405 1073/215/405 1089/215/405 1091/217/405
f 1083/233/406 1082/231/406 1098/231/406 1099/233/406
f 1076/219/407 1075/217/407 1091/217/407 1092/219/407
f 1084/235/408 1083/233/408 1099/233/408 1100/235/408
f 1077/221/409 1076/219/409 1092/219/409 1093/221/409
f 1085/237/410 1084/235/410 1100/235/410 1101/237/410
f 1078/223/411 1077/221/411 1093/221/411 1094/223/411
f 1086/239/412 1085/237/412 1101/237/412 1102/239/412
f 1079/225/413 1078/223/413 1094/223/413 1095/225/413
f 1087/241/414 1086/239/414 1102/239/414 1103/241/414
f 1080/227/415 1079/225/415 1095/225/415 1096/227/415
f 1115/233/375 1114/231/375 1130/231/375 1131/233/375
f 1102/239/416 1101/237/416 1117/237/416 1118/239/416
f 1095/225/417 1094/223/417 1110/223/417 1111/225/417
f 1103/241/418 1102/239/418 1118/239/418 1119/241/418
f 1096/227/419 1095/225/419 1111/225/419 1112/227/419
f 1104/244/420 1103/241/420 1119/241/420 1120/244/420
f 1097/229/421 1096/227/421 1112/227/421 1113/229/421
f 1089/215/422 1090/166/422 1106/166/422 1105/215/422
f 1090/243/423 1104/244/423 1120/244/423 1106/243/423
f 1098/231/424 1097/229/424 1113/229/424 1114/231/424
f 1091/217/425 1089/215/425 1105/215/425 1107/217/425
f 1099/233/426 1098/231/426 1114/231/426 1115/233/426
f 1092/219/427 1091/217/427 1107/217/427 1108/219/427
f 1100/235/428 1099/233/428 1115/233/428 1116/235/428
f 1093/221/429 1092/219/429 1108/219/429 1109/221/429
f 1101/237/430 1100/235/430 1116/235/430 1117/237/430
f 1136/244/431 1135/241/431 1151/241/431 1152/244/431
f 1108/219/368 1107/217/368 1123/217/368 1124/219/368
f 1116/235/376 1115/233/376 1131/233/376 1132/235/376
f 1109/221/369 1108/219/369 1124/219/369 1125/221/369
f 1117/237/377 1116/235/377 1132/235/377 1133/237/377
f 1110/223/370 1109/221/370 1125/221/370 1126/223/370
f 1118/239/378 1117/237/378 1133/237/378 1134/239/378
f 1111/225/371 1110/223/371 1126/223/371 1127/225/371
f 1119/241/379 1118/239/379 1134/239/379 1135/241/379
f 1112/227/372 1111/225/372 1127/225/372 1128/227/372
f 1120/244/381 1119/241/381 1135/241/381 1136/244/381
f 1113/229/373 1112/227/373 1128/227/373 1129/229/373
f 1105/215/366 1106/166/366 1122/166/366 1121/215/366
f 1106/243/432 1120/244/432 1136/244/432 1122/243/432
f 1114/231/374 1113/229/374 1129/229/374 1130/231/374
f 1107/217/367 1105/215/367 1121/215/367 1123/217/367
f 1137/259/433 1138/188/433 1152/260/433 1151/261/433 1150/262/433 1149/191/433 1148/263/433 1147/264/433 1146/265/433 1145/194/433 1144/266/433 1143/267/433 1142/268/433 1141/197/433 1140/269/433 1139/270/433
f 1129/229/434 1128/227/434 1144/227/434 1145/229/434
f 1121/215/435 1122/166/435 1138/166/435 1137/215/435
f 1122/243/436 1136/244/436 1152/244/436 1138/243/436
f 1130/231/437 1129/229/437 1145/229/437 1146/231/437
f 1123/217/438 1121/215/438 1137/215/438 1139/217/438
f 1131/233/439 1130/231/439 1146/231/439 1147/233/439
f 1124/219/440 1123/217/440 1139/217/440 1140/219/440
f 1132/235/441 1131/233/441 1147/233/441 1148/235/441
f 1125/221/442 1124/219/442 1140/219/442 1141/221/442
f 1133/237/443 1132/235/443 1148/235/443 1149/237/443
f 1126/223/444 1125/221/444 1141/221/444 1142/223/444
f 1134/239/445 1133/237/445 1149/237/445 1150/239/445
f 1127/225/446 1126/223/446 1142/223/446 1143/225/446
f 1135/241/447 1134/239/447 1150/239/447 1151/241/447
f 1128/227/448 1127/225/448 1143/225/448 1144/227/448
f 1153/165/449 1155/166/449 1158/215/449 1156/216/449
f 1156/216/450 1158/215/450 1161/217/450 1159/218/450
f 1159/218/451 1161/217/451 1164/219/451 1162/220/451
f 1162/220/452 1164/219/452 1167/221/452 1165/222/452
f 1165/222/453 1167/221/453 1170/223/453 1168/224/453
f 1168/224/454 1170/223/454 1173/225/454 1171/226/454
f 1171/226/455 1173/225/455 1176/227/455 1174/228/455
f 1174/228/456 1176/227/456 1179/229/456 1177/230/456
f 1177/230/457 1179/229/457 1182/231/457 1180/232/457
f 1180/232/458 1182/231/458 1185/233/458 1183/234/458
f 1183/234/459 1185/233/459 1188/235/459 1186/236/459
f 1186/236/460 1188/235/460 1191/237/460 1189/238/460
f 1189/238/461 1191/237/461 1194/239/461 1192/240/461
f 1192/240/462 1194/239/462 1197/241/462 1195/242/462
f 1205/271/362 1185/264/362 1182/265/362 1179/194/362 1176/266/362 1173/267/362 1216/272/362 1213/273/362 1203/274/362 1212/275/362
f 1173/267/362 1170/268/362 1167/197/362 1164/269/362 1161/270/362 1158/259/362 1155/188/362 1200/260/362 1197/261/362 1194/262/362 1191/191/362 1188/263/362 1185/264/362 1205/271/362 1206/276/362 1202/277/362 1207/278/362 1211/279/362 1208/280/362 1201/281/362 1210/282/362 1209/283/362 1215/284/362 1204/285/362 1214/286/362 1216/272/362
f 1195/242/463 1197/241/463 1200/244/463 1198/245/463
f 1198/245/464 1200/244/464 1155/243/464 1153/246/464
f 1198/258/365 1153/203/365 1156/247/365 1159/248/365 1162/249/365 1165/206/365 1168/250/365 1171/251/365 1174/252/365 1177/209/365 1180/253/365 1183/254/365 1186/255/365 1189/212/365 1192/256/365 1195/257/365
f 1201/287/457 1154/165/457 1157/216/457 1210/288/457
f 1210/288/458 1157/216/458 1160/218/458 1209/289/458
f 1160/218/459 1163/220/459 1215/290/459 1209/289/459
f 1163/220/460 1166/222/460 1204/291/460 1215/290/460
f 1166/222/461 1169/224/461 1214/292/461 1204/291/461
f 1169/224/462 1172/226/462 1216/293/462 1214/292/462
f 1172/226/463 1175/228/463 1213/294/463 1216/293/463
f 1175/228/464 1178/230/464 1203/295/464 1213/294/464
f 1178/230/449 1181/232/449 1212/296/449 1203/295/449
f 1181/232/450 1184/234/450 1205/297/450 1212/296/450
f 1205/297/451 1184/234/451 1187/236/451 1206/298/451
f 1206/298/452 1187/236/452 1190/238/452 1202/299/452
f 1202/299/453 1190/238/453 1193/240/453 1207/300/453
f 1207/300/454 1193/240/454 1196/242/454 1211/301/454
f 1211/301/455 1196/242/455 1199/245/455 1208/302/455
f 1208/302/456 1199/245/456 1154/246/456 1201/303/456
f 1193/256/362 1190/212/362 1187/255/362 1184/254/362 1181/253/362 1178/209/362 1175/252/362 1172/251/362 1169/250/362 1166/206/362 1163/249/362 1160/248/362 1157/247/362 1154/203/362 1199/258/362 1196/257/362
f 1217/165/465 1219/166/465 1222/215/465 1220/216/465
f 1220/216/466 1222/215/466 1225/217/466 1223/218/466
f 1223/218/467 1225/217/467 1228/219/467 1226/220/467
f 1226/220/468 1228/219/468 1231/221/468 1229/222/468
f 1229/222/469 1231/221/469 1234/223/469 1232/224/469
f 1232/224/470 1234/223/470 1237/225/470 1235/226/470
f 1235/226/471 1237/225/471 1240/227/471 1238/228/471
f 1238/228/472 1240/227/472 1243/229/472 1241/230/472
f 1241/230/473 1243/229/473 1246/231/473 1244/232/473
f 1244/232/474 1246/231/474 1249/233/474 1247/234/474
f 1247/234/475 1249/233/475 1252/235/475 1250/236/475
f 1250/236/476 1252/235/476 1255/237/476 1253/238/476
f 1253/238/477 1255/237/477 1258/239/477 1256/240/477
f 1256/240/478 1258/239/478 1261/241/478 1259/242/478
f 1269/271/362 1249/264/362 1246/265/362 1243/194/362 1240/266/362 1237/267/362 1280/272/362 1277/273/362 1267/274/362 1276/275/362
f 1237/267/362 1234/268/362 1231/197/362 1228/269/362 1225/270/362 1222/259/362 1219/188/362 1264/260/362 1261/261/362 1258/262/362 1255/191/362 1252/263/362 1249/264/362 1269/271/362 1270/276/362 1266/277/362 1271/278/362 1275/279/362 1272/280/362 1265/281/362 1274/282/362 1273/283/362 1279/284/362 1268/285/362 1278/286/362 1280/272/362
f 1259/242/479 1261/241/479 1264/244/479 1262/245/479
f 1262/245/480 1264/244/480 1219/243/480 1217/246/480
f 1262/258/365 1217/203/365 1220/247/365 1223/248/365 1226/249/365 1229/206/365 1232/250/365 1235/251/365 1238/252/365 1241/209/365 1244/253/365 1247/254/365 1250/255/365 1253/212/365 1256/256/365 1259/257/365
f 1265/287/473 1218/165/473 1221/216/473 1274/288/473
f 1274/288/474 1221/216/474 1224/218/474 1273/289/474
f 1224/218/475 1227/220/475 1279/290/475 1273/289/475
f 1227/220/476 1230/222/476 1268/291/476 1279/290/476
f 1230/222/477 1233/224/477 1278/292/477 1268/291/477
f 1233/224/478 1236/226/478 1280/293/478 1278/292/478
f 1236/226/479 1239/228/479 1277/294/479 1280/293/479
f 1239/228/480 1242/230/480 1267/295/480 1277/294/480
f 1242/230/465 1245/232/465 1276/296/465 1267/295/465
f 1245/232/466 1248/234/466 1269/297/466 1276/296/466
f 1269/297/467 1248/234/467 1251/236/467 1270/298/467
f 1270/298/468 1251/236/468 1254/238/468 1266/299/468
f 1266/299/469 1254/238/469 1257/240/469 1271/300/469
f 1271/300/470 1257/240/470 1260/242/470 1275/301/470
f 1275/301/471 1260/242/471 1263/245/471 1272/302/471
f 1272/302/472 1263/245/472 1218/246/472 1265/303/472
f 1257/256/362 1254/212/362 1251/255/362 1248/254/362 1245/253/362 1242/209/362 1239/252/362 1236/251/362 1233/250/362 1230/206/362 1227/249/362 1224/248/362 1221/247/362 1218/203/362 1263/258/362 1260/257/362
f 1281/165/481 1283/166/481 1286/215/481 1284/216/481
f 1284/216/482 1286/215/482 1289/217/482 1287/218/482
f 1287/218/483 1289/217/483 1292/219/483 1290/220/483
f 1290/220/484 1292/219/484 1295/221/484 1293/222/484
f 1293/222/485 1295/221/485 1298/223/485 1296/224/485
f 1296/224/486 1298/223/486 1301/225/486 1299/226/486
f 1299/226/487 1301/225/487 1304/227/487 1302/228/487
f 1302/228/488 1304/227/488 1307/229/488 1305/230/488
f 1305/230/489 1307/229/489 1310/231/489 1308/232/489
f 1308/232/490 1310/231/490 1313/233/490 1311/234/490
f 1311/234/491 1313/233/491 1316/235/491 1314/236/491
f 1314/236/492 1316/235/492 1319/237/492 1317/238/492
f 1317/238/493 1319/237/493 1322/239/493 1320/240/493
f 1320/240/494 1322/239/494 1325/241/494 1323/242/494
f 1333/271/362 1313/264/362 1310/265/362 1307/194/362 1304/266/362 1301/267/362 1344/272/362 1341/273/362 1331/274/362 1340/275/362
f 1301/267/362 1298/268/362 1295/197/362 1292/269/362 1289/270/362 1286/259/362 1283/188/362 1328/260/362 1325/261/362 1322/262/362 1319/191/362 1316/263/362 1313/264/362 1333/271/362 1334/276/362 1330/277/362 1335/278/362 1339/279/362 1336/280/362 1329/281/362 1338/282/362 1337/283/362 1343/284/362 1332/285/362 1342/286/362 1344/272/362
f 1323/242/495 1325/241/495 1328/244/495 1326/245/495
f 1326/245/496 1328/244/496 1283/243/496 1281/246/496
f 1326/258/365 1281/203/365 1284/247/365 1287/248/365 1290/249/365 1293/206/365 1296/250/365 1299/251/365 1302/252/365 1305/209/365 1308/253/365 1311/254/365 1314/255/365 1317/212/365 1320/256/365 1323/257/365
f 1329/287/489 1282/165/489 1285/216/489 1338/288/489
f 1338/288/490 1285/216/490 1288/218/490 1337/289/490
f 1288/218/491 1291/220/491 1343/290/491 1337/289/491
f 1291/220/492 1294/222/492 1332/291/492 1343/290/492
f 1294/222/497 1297/224/497 1342/292/497 1332/291/497
f 1297/224/494 1300/226/494 1344/293/494 1342/292/494
f 1300/226/495 1303/228/495 1341/294/495 1344/293/495
f 1303/228/496 1306/230/496 1331/295/496 1341/294/496
f 1306/230/481 1309/232/481 1340/296/481 1331/295/481
f 1309/232/482 1312/234/482 1333/297/482 1340/296/482
f 1333/297/483 1312/234/483 1315/236/483 1334/298/483
f 1334/298/484 1315/236/484 1318/238/484 1330/299/484
f 1330/299/485 1318/238/485 1321/240/485 1335/300/485
f 1335/300/486 1321/240/486 1324/242/486 1339/301/486
f 1339/301/487 1324/242/487 1327/245/487 1336/302/487
f 1336/302/488 1327/245/488 1282/246/488 1329/303/488
f 1321/256/362 1318/212/362 1315/255/362 1312/254/362 1309/253/362 1306/209/362 1303/252/362 1300/251/362 1297/250/362 1294/206/362 1291/249/362 1288/248/362 1285/247/362 1282/203/362 1327/258/362 1324/257/362
s 1
f 1349/304/365 1345/304/365 1346/304/365 1350/304/365
f 1350/304/365 1346/304/365 1347/304/365 1351/304/365
f 1351/304/365 1347/304/365 1348/304/365 1352/304/365
f 1353/304/365 1350/304/365 1351/304/365 1354/304/365
f 1354/304/365 1351/304/365 1352/304/365 1355/304/365
f 1356/304/365 1353/304/365 1354/304/365 1357/304/365
f 1357/304/365 1354/304/365 1355/304/365 1358/304/365
f 1359/304/362 1363/304/362 1364/304/362 1360/304/362
f 1360/304/362 1364/304/362 1365/304/362 1361/304/362
f 1361/304/362 1365/304/362 1366/304/362 1362/304/362
f 1364/304/362 1367/304/362 1368/304/362 1365/304/362
f 1365/304/362 1368/304/362 1369/304/362 1366/304/362
f 1367/304/362 1370/304/362 1371/304/362 1368/304/362
f 1368/304/362 1371/304/362 1372/304/362 1369/304/362
f 1363/304/498 1349/304/498 1350/304/498 1364/304/498
f 1364/304/499 1350/304/499 1353/304/499 1367/304/499
f 1367/304/500 1353/304/500 1356/304/500 1370/304/500
f 1370/304/501 1356/304/501 1357/304/501 1371/304/501
f 1371/304/502 1357/304/502 1358/304/502 1372/304/502
f 1372/304/503 1358/304/503 1355/304/503 1369/304/503
f 1369/304/504 1355/304/504 1352/304/504 1366/304/504
f 1377/304/365 1373/304/365 1374/304/365 1378/304/365
f 1378/304/365 1374/304/365 1375/304/365 1379/304/365
f 1379/304/365 1375/304/365 1376/304/365 1380/304/365
f 1381/304/365 1378/304/365 1379/304/365 1382/304/365
f 1382/304/365 1379/304/365 1380/304/365 1383/304/365
f 1384/304/365 1381/304/365 1382/304/365 1385/304/365
f 1385/304/365 1382/304/365 1383/304/365 1386/304/365
f 1387/304/362 1391/304/362 1392/304/362 1388/304/362
f 1388/304/362 1392/304/362 1393/304/362 1389/304/362
f 1389/304/362 1393/304/362 1394/304/362 1390/304/362
f 1392/304/362 1395/304/362 1396/304/362 1393/304/362
f 1393/304/362 1396/304/362 1397/304/362 1394/304/362
f 1395/304/362 1398/304/362 1399/304/362 1396/304/362
f 1396/304/362 1399/304/362 1400/304/362 1397/304/362
f 1391/304/505 1377/304/505 1378/304/505 1392/304/505
f 1392/304/506 1378/304/506 1381/304/506 1395/304/506
f 1395/304/507 1381/304/507 1384/304/507 1398/304/507
f 1398/304/508 1384/304/508 1385/304/508 1399/304/508
f 1399/304/509 1385/304/509 1386/304/509 1400/304/509
f 1400/304/510 1386/304/510 1383/304/510 1397/304/510
f 1397/304/511 1383/304/511 1380/304/511 1394/304/511
f 1348/304/365 1373/304/365 1377/304/365 1352/304/365
f 1352/304/512 1377/304/512 1391/304/512 1366/304/512
f 1366/304/362 1391/304/362 1387/304/362 1362/304/362
f 1405/304/365 1401/304/365 1402/304/365 1406/304/365
f 1406/304/365 1402/304/365 1403/304/365 1407/304/365
f 1407/304/365 1403/304/365 1404/304/365 1408/304/365
f 1409/304/365 1406/304/365 1407/304/365 1410/304/365
f 1410/304/365 1407/304/365 1408/304/365 1411/304/365
f 1412/304/365 1409/304/365 1410/304/365 1413/304/365
f 1413/304/365 1410/304/365 1411/304/365 1414/304/365
f 1415/304/362 1419/304/362 1420/304/362 1416/304/362
f 1416/304/362 1420/304/362 1421/304/362 1417/304/362
f 1417/304/362 1421/304/362 1422/304/362 1418/304/362
f 1420/304/362 1423/304/362 1424/304/362 1421/304/362
f 1421/304/362 1424/304/362 1425/304/362 1422/304/362
f 1423/304/362 1426/304/362 1427/304/362 1424/304/362
f 1424/304/362 1427/304/362 1428/304/362 1425/304/362
f 1419/304/513 1405/304/513 1406/304/513 1420/304/513
f 1420/304/514 1406/304/514 1409/304/514 1423/304/514
f 1423/304/515 1409/304/515 1412/304/515 1426/304/515
f 1426/304/516 1412/304/516 1413/304/516 1427/304/516
f 1427/304/517 1413/304/517 1414/304/517 1428/304/517
f 1428/304/518 1414/304/518 1411/304/518 1425/304/518
f 1425/304/519 1411/304/519 1408/304/519 1422/304/519
f 1376/304/365 1401/304/365 1405/304/365 1380/304/365
f 1380/304/520 1405/304/520 1419/304/520 1394/304/520
f 1394/304/362 1419/304/362 1415/304/362 1390/304/362
f 1433/304/365 1429/304/365 1430/304/365 1434/304/365
f 1434/304/365 1430/304/365 1431/304/365 1435/304/365
f 1435/304/365 1431/304/365 1432/304/365 1436/304/365
f 1437/304/365 1434/304/365 1435/304/365 1438/304/365
f 1438/304/365 1435/304/365 1436/304/365 1439/304/365
f 1440/304/365 1437/304/365 1438/304/365 1441/304/365
f 1441/304/365 1438/304/365 1439/304/365 1442/304/365
f 1443/304/362 1447/304/362 1448/304/362 1444/304/362
f 1444/304/362 1448/304/362 1449/304/362 1445/304/362
f 1445/304/362 1449/304/362 1450/304/362 1446/304/362
f 1448/304/362 1451/304/362 1452/304/362 1449/304/362
f 1449/304/362 1452/304/362 1453/304/362 1450/304/362
f 1451/304/362 1454/304/362 1455/304/362 1452/304/362
f 1452/304/362 1455/304/362 1456/304/362 1453/304/362
f 1447/304/521 1433/304/521 1434/304/521 1448/304/521
f 1448/304/522 1434/304/522 1437/304/522 1451/304/522
f 1451/304/523 1437/304/523 1440/304/523 1454/304/523
f 1454/304/524 1440/304/524 1441/304/524 1455/304/524
f 1455/304/525 1441/304/525 1442/304/525 1456/304/525
f 1456/304/526 1442/304/526 1439/304/526 1453/304/526
f 1453/304/527 1439/304/527 1436/304/527 1450/304/527
f 1404/304/365 1429/304/365 1433/304/365 1408/304/365
f 1408/304/528 1433/304/528 1447/304/528 1422/304/528
f 1422/304/362 1447/304/362 1443/304/362 1418/304/362
f 1461/304/365 1457/304/365 1458/304/365 1462/304/365
f 1462/304/365 1458/304/365 1459/304/365 1463/304/365
f 1463/304/365 1459/304/365 1460/304/365 1464/304/365
f 1465/304/365 1462/304/365 1463/304/365 1466/304/365
f 1466/304/365 1463/304/365 1464/304/365 1467/304/365
f 1468/304/365 1465/304/365 1466/304/365 1469/304/365
f 1469/304/365 1466/304/365 1467/304/365 1470/304/365
f 1471/304/362 1475/304/362 1476/304/362 1472/304/362
f 1472/304/362 1476/304/362 1477/304/362 1473/304/362
f 1473/304/362 1477/304/362 1478/304/362 1474/304/362
f 1476/304/362 1479/304/362 1480/304/362 1477/304/362
f 1477/304/362 1480/304/362 1481/304/362 1478/304/362
f 1479/304/362 1482/304/362 1483/304/362 1480/304/362
f 1480/304/362 1483/304/362 1484/304/362 1481/304/362
f 1475/304/529 1461/304/529 1462/304/529 1476/304/529
f 1476/304/530 1462/304/530 1465/304/530 1479/304/530
f 1479/304/531 1465/304/531 1468/304/531 1482/304/531
f 1482/304/532 1468/304/532 1469/304/532 1483/304/532
f 1483/304/533 1469/304/533 1470/304/533 1484/304/533
f 1484/304/534 1470/304/534 1467/304/534 1481/304/534
f 1481/304/535 1467/304/535 1464/304/535 1478/304/535
f 1432/304/365 1457/304/365 1461/304/365 1436/304/365
f 1436/304/536 1461/304/536 1475/304/536 1450/304/536
f 1450/304/362 1475/304/362 1471/304/362 1446/304/362
f 1489/304/365 1485/304/365 1486/304/365 1490/304/365
f 1490/304/365 1486/304/365 1487/304/365 1491/304/365
f 1491/304/365 1487/304/365 1488/304/365 1492/304/365
f 1493/304/365 1490/304/365 1491/304/365 1494/304/365
f 1494/304/365 1491/304/365 1492/304/365 1495/304/365
f 1496/304/365 1493/304/365 1494/304/365 1497/304/365
f 1497/304/365 1494/304/365 1495/304/365 1498/304/365
f 1499/304/362 1503/304/362 1504/304/362 1500/304/362
f 1500/304/362 1504/304/362 1505/304/362 1501/304/362
f 1501/304/362 1505/304/362 1506/304/362 1502/304/362
f 1504/304/362 1507/304/362 1508/304/362 1505/304/362
f 1505/304/362 1508/304/362 1509/304/362 1506/304/362
f 1507/304/362 1510/304/362 1511/304/362 1508/304/362
f 1508/304/362 1511/304/362 1512/304/362 1509/304/362
f 1503/304/537 1489/304/537 1490/304/537 1504/304/537
f 1504/304/538 1490/304/538 1493/304/538 1507/304/538
f 1507/304/539 1493/304/539 1496/304/539 1510/304/539
f 1510/304/540 1496/304/540 1497/304/540 1511/304/540
f 1511/304/541 1497/304/541 1498/304/541 1512/304/541
f 1512/304/542 1498/304/542 1495/304/542 1509/304/542
f 1509/304/543 1495/304/543 1492/304/543 1506/304/543
f 1460/304/365 1485/304/365 1489/304/365 1464/304/365
f 1464/304/544 1489/304/544 1503/304/544 1478/304/544
f 1478/304/362 1503/304/362 1499/304/362 1474/304/362
f 1517/304/365 1513/304/365 1514/304/365 1518/304/365
f 1518/304/365 1514/304/365 1515/304/365 1519/304/365
f 1519/304/365 1515/304/365 1516/304/365 1520/304/365
f 1521/304/365 1518/304/365 1519/304/365 1522/304/365
f 1522/304/365 1519/304/365 1520/304/365 1523/304/365
f 1524/304/365 1521/304/365 1522/304/365 1525/304/365
f 1525/304/365 1522/304/365 1523/304/365 1526/304/365
f 1527/304/362 1531/304/362 1532/304/362 1528/304/362
f 1528/304/362 1532/304/362 1533/304/362 1529/304/362
f 1529/304/362 1533/304/362 1534/304/362 1530/304/362
f 1532/304/362 1535/304/362 1536/304/362 1533/304/362
f 1533/304/362 1536/304/362 1537/304/362 1534/304/362
f 1535/304/362 1538/304/362 1539/304/362 1536/304/362
f 1536/304/362 1539/304/362 1540/304/362 1537/304/362
f 1531/304/545 1517/304/545 1518/304/545 1532/304/545
f 1532/304/546 1518/304/546 1521/304/546 1535/304/546
f 1535/304/547 1521/304/547 1524/304/547 1538/304/547
f 1538/304/548 1524/304/548 1525/304/548 1539/304/548
f 1539/304/549 1525/304/549 1526/304/549 1540/304/549
f 1540/304/550 1526/304/550 1523/304/550 1537/304/550
f 1537/304/551 1523/304/551 1520/304/551 1534/304/551
f 1488/304/365 1513/304/365 1517/304/365 1492/304/365
f 1492/304/552 1517/304/552 1531/304/552 1506/304/552
f 1506/304/362 1531/304/362 1527/304/362 1502/304/362
f 1545/304/365 1541/304/365 1542/304/365 1546/304/365
f 1546/304/365 1542/304/365 1543/304/365 1547/304/365
f 1547/304/365 1543/304/365 1544/304/365 1548/304/365
f 1549/304/365 1546/304/365 1547/304/365 1550/304/365
f 1550/304/365 1547/304/365 1548/304/365 1551/304/365
f 1552/304/365 1549/304/365 1550/304/365 1553/304/365
f 1553/304/365 1550/304/365 1551/304/365 1554/304/365
f 1555/304/362 1559/304/362 1560/304/362 1556/304/362
f 1556/304/362 1560/304/362 1561/304/362 1557/304/362
f 1557/304/362 1561/304/362 1562/304/362 1558/304/362
f 1560/304/362 1563/304/362 1564/304/362 1561/304/362
f 1561/304/362 1564/304/362 1565/304/362 1562/304/362
f 1563/304/362 1566/304/362 1567/304/362 1564/304/362
f 1564/304/362 1567/304/362 1568/304/362 1565/304/362
f 1559/304/553 1545/304/553 1546/304/553 1560/304/553
f 1560/304/554 1546/304/554 1549/304/554 1563/304/554
f 1563/304/555 1549/304/555 1552/304/555 1566/304/555
f 1566/304/556 1552/304/556 1553/304/556 1567/304/556
f 1567/304/557 1553/304/557 1554/304/557 1568/304/557
f 1568/304/558 1554/304/558 1551/304/558 1565/304/558
f 1565/304/559 1551/304/559 1548/304/559 1562/304/559
f 1516/304/365 1541/304/365 1545/304/365 1520/304/365
f 1520/304/560 1545/304/560 1559/304/560 1534/304/560
f 1534/304/362 1559/304/362 1555/304/362 1530/304/362
f 1573/304/365 1569/304/365 1570/304/365 1574/304/365
f 1574/304/365 1570/304/365 1571/304/365 1575/304/365
f 1575/304/365 1571/304/365 1572/304/365 1576/304/365
f 1577/304/365 1574/304/365 1575/304/365 1578/304/365
f 1578/304/365 1575/304/365 1576/304/365 1579/304/365
f 1580/304/365 1577/304/365 1578/304/365 1581/304/365
f 1581/304/365 1578/304/365 1579/304/365 1582/304/365
f 1583/304/362 1587/304/362 1588/304/362 1584/304/362
f 1584/304/362 1588/304/362 1589/304/362 1585/304/362
f 1585/304/362 1589/304/362 1590/304/362 1586/304/362
f 1588/304/362 1591/304/362 1592/304/362 1589/304/362
f 1589/304/362 1592/304/362 1593/304/362 1590/304/362
f 1591/304/362 1594/304/362 1595/304/362 1592/304/362
f 1592/304/362 1595/304/362 1596/304/362 1593/304/362
f 1587/304/561 1573/304/561 1574/304/561 1588/304/561
f 1588/304/562 1574/304/562 1577/304/562 1591/304/562
f 1591/304/563 1577/304/563 1580/304/563 1594/304/563
f 1594/304/564 1580/304/564 1581/304/564 1595/304/564
f 1595/304/565 1581/304/565 1582/304/565 1596/304/565
f 1596/304/566 1582/304/566 1579/304/566 1593/304/566
f 1593/304/567 1579/304/567 1576/304/567 1590/304/567
f 1544/304/365 1569/304/365 1573/304/365 1548/304/365
f 1548/304/568 1573/304/568 1587/304/568 1562/304/568
f 1562/304/362 1587/304/362 1583/304/362 1558/304/362
f 1601/304/365 1597/304/365 1598/304/365 1602/304/365
f 1602/304/365 1598/304/365 1599/304/365 1603/304/365
f 1603/304/365 1599/304/365 1600/304/365 1604/304/365
f 1605/304/365 1602/304/365 1603/304/365 1606/304/365
f 1606/304/365 1603/304/365 1604/304/365 1607/304/365
f 1608/304/365 1605/304/365 1606/304/365 1609/304/365
f 1609/304/365 1606/304/365 1607/304/365 1610/304/365
f 1611/304/362 1615/304/362 1616/304/362 1612/304/362
f 1612/304/362 1616/304/362 1617/304/362 1613/304/362
f 1613/304/362 1617/304/362 1618/304/362 1614/304/362
f 1616/304/362 1619/304/362 1620/304/362 1617/304/362
f 1617/304/362 1620/304/362 1621/304/362 1618/304/362
f 1619/304/362 1622/304/362 1623/304/362 1620/304/362
f 1620/304/362 1623/304/362 1624/304/362 1621/304/362
f 1615/304/569 1601/304/569 1602/304/569 1616/304/569
f 1616/304/570 1602/304/570 1605/304/570 1619/304/570
f 1619/304/571 1605/304/571 1608/304/571 1622/304/571
f 1622/304/572 1608/304/572 1609/304/572 1623/304/572
f 1623/304/573 1609/304/573 1610/304/573 1624/304/573
f 1624/304/574 1610/304/574 1607/304/574 1621/304/574
f 1621/304/575 1607/304/575 1604/304/575 1618/304/575
f 1572/304/365 1597/304/365 1601/304/365 1576/304/365
f 1576/304/576 1601/304/576 1615/304/576 1590/304/576
f 1590/304/362 1615/304/362 1611/304/362 1586/304/362
f 1629/304/365 1625/304/365 1626/304/365 1630/304/365
f 1630/304/365 1626/304/365 1627/304/365 1631/304/365
f 1631/304/365 1627/304/365 1628/304/365 1632/304/365
f 1633/304/365 1630/304/365 1631/304/365 1634/304/365
f 1634/304/365 1631/304/365 1632/304/365 1635/304/365
f 1636/304/365 1633/304/365 1634/304/365 1637/304/365
f 1637/304/365 1634/304/365 1635/304/365 1638/304/365
f 1639/304/362 1643/304/362 1644/304/362 1640/304/362
f 1640/304/362 1644/304/362 1645/304/362 1641/304/362
f 1641/304/362 1645/304/362 1646/304/362 1642/304/362
f 1644/304/362 1647/304/362 1648/304/362 1645/304/362
f 1645/304/362 1648/304/362 1649/304/362 1646/304/362
f 1647/304/362 1650/304/362 1651/304/362 1648/304/362
f 1648/304/362 1651/304/362 1652/304/362 1649/304/362
f 1643/304/577 1629/304/577 1630/304/577 1644/304/577
f 1644/304/578 1630/304/578 1633/304/578 1647/304/578
f 1647/304/579 1633/304/579 1636/304/579 1650/304/579
f 1650/304/580 1636/304/580 1637/304/580 1651/304/580
f 1651/304/581 1637/304/581 1638/304/581 1652/304/581
f 1652/304/582 1638/304/582 1635/304/582 1649/304/582
f 1649/304/583 1635/304/583 1632/304/583 1646/304/583
f 1600/304/365 1625/304/365 1629/304/365 1604/304/365
f 1604/304/584 1629/304/584 1643/304/584 1618/304/584
f 1618/304/362 1643/304/362 1639/304/362 1614/304/362
f 1657/304/365 1653/304/365 1654/304/365 1658/304/365
f 1658/304/365 1654/304/365 1655/304/365 1659/304/365
f 1659/304/365 1655/304/365 1656/304/365 1660/304/365
f 1661/304/365 1658/304/365 1659/304/365 1662/304/365
f 1662/304/365 1659/304/365 1660/304/365 1663/304/365
f 1664/304/365 1661/304/365 1662/304/365 1665/304/365
f 1665/304/365 1662/304/365 1663/304/365 1666/304/365
f 1667/304/362 1671/304/362 1672/304/362 1668/304/362
f 1668/304/362 1672/304/362 1673/304/362 1669/304/362
f 1669/304/362 1673/304/362 1674/304/362 1670/304/362
f 1672/304/362 1675/304/362 1676/304/362 1673/304/362
f 1673/304/362 1676/304/362 1677/304/362 1674/304/362
f 1675/304/362 1678/304/362 1679/304/362 1676/304/362
f 1676/304/362 1679/304/362 1680/304/362 1677/304/362
f 1671/304/585 1657/304/585 1658/304/585 1672/304/585
f 1672/304/586 1658/304/586 1661/304/586 1675/304/586
f 1675/304/587 1661/304/587 1664/304/587 1678/304/587
f 1678/304/588 1664/304/588 1665/304/588 1679/304/588
f 1679/304/589 1665/304/589 1666/304/589 1680/304/589
f 1680/304/590 1666/304/590 1663/304/590 1677/304/590
f 1677/304/591 1663/304/591 1660/304/591 1674/304/591
f 1628/304/365 1653/304/365 1657/304/365 1632/304/365
f 1632/304/592 1657/304/592 1671/304/592 1646/304/592
f 1646/304/362 1671/304/362 1667/304/362 1642/304/362
f 1656/304/365 1345/304/365 1349/304/365 1660/304/365
f 1660/304/593 1349/304/593 1363/304/593 1674/304/593
f 1674/304/362 1363/304/362 1359/304/362 1670/304/362
f 1360/304/594 1361/304/594 1347/304/594 1346/304/594
f 1361/304/595 1362/304/595 1348/304/595 1347/304/595
f 1362/304/560 1387/304/560 1373/304/560 1348/304/560
f 1387/304/553 1388/304/553 1374/304/553 1373/304/553
f 1388/304/596 1389/304/596 1375/304/596 1374/304/596
f 1389/304/597 1390/304/597 1376/304/597 1375/304/597
f 1390/304/568 1415/304/568 1401/304/568 1376/304/568
f 1415/304/561 1416/304/561 1402/304/561 1401/304/561
f 1416/304/598 1417/304/598 1403/304/598 1402/304/598
f 1417/304/599 1418/304/599 1404/304/599 1403/304/599
f 1418/304/600 1443/304/600 1429/304/600 1404/304/600
f 1443/304/601 1444/304/601 1430/304/601 1429/304/601
f 1444/304/602 1445/304/602 1431/304/602 1430/304/602
f 1445/304/603 1446/304/603 1432/304/603 1431/304/603
f 1446/304/584 1471/304/584 1457/304/584 1432/304/584
f 1471/304/577 1472/304/577 1458/304/577 1457/304/577
f 1472/304/604 1473/304/604 1459/304/604 1458/304/604
f 1473/304/605 1474/304/605 1460/304/605 1459/304/605
f 1474/304/592 1499/304/592 1485/304/592 1460/304/592
f 1499/304/606 1500/304/606 1486/304/606 1485/304/606
f 1500/304/607 1501/304/607 1487/304/607 1486/304/607
f 1501/304/608 1502/304/608 1488/304/608 1487/304/608
f 1502/304/593 1527/304/593 1513/304/593 1488/304/593
f 1527/304/498 1528/304/498 1514/304/498 1513/304/498
f 1528/304/609 1529/304/609 1515/304/609 1514/304/609
f 1529/304/610 1530/304/610 1516/304/610 1515/304/610
f 1530/304/512 1555/304/512 1541/304/512 1516/304/512
f 1555/304/505 1556/304/505 1542/304/505 1541/304/505
f 1556/304/611 1557/304/611 1543/304/611 1542/304/611
f 1557/304/612 1558/304/612 1544/304/612 1543/304/612
f 1558/304/520 1583/304/520 1569/304/520 1544/304/520
f 1583/304/513 1584/304/513 1570/304/513 1569/304/513
f 1584/304/613 1585/304/613 1571/304/613 1570/304/613
f 1585/304/614 1586/304/614 1572/304/614 1571/304/614
f 1586/304/528 1611/304/528 1597/304/528 1572/304/528
f 1611/304/521 1612/304/521 1598/304/521 1597/304/521
f 1612/304/615 1613/304/615 1599/304/615 1598/304/615
f 1613/304/616 1614/304/616 1600/304/616 1599/304/616
f 1614/304/536 1639/304/536 1625/304/536 1600/304/536
f 1639/304/529 1640/304/529 1626/304/529 1625/304/529
f 1640/304/617 1641/304/617 1627/304/617 1626/304/617
f 1641/304/618 1642/304/618 1628/304/618 1627/304/618
f 1642/304/544 1667/304/544 1653/304/544 1628/304/544
f 1667/304/619 1668/304/619 1654/304/619 1653/304/619
f 1668/304/620 1669/304/620 1655/304/620 1654/304/620
f 1669/304/621 1670/304/621 1656/304/621 1655/304/621
f 1670/304/552 1359/304/552 1345/304/552 1656/304/552
f 1359/304/545 1360/304/545 1346/304/545 1345/304/545
s 0
f 1681/165/432 1682/166/432 1684/215/432 1683/216/432
f 1683/216/381 1684/215/381 1686/217/381 1685/218/381
f 1685/218/379 1686/217/379 1688/219/379 1687/220/379
f 1687/220/378 1688/219/378 1690/221/378 1689/222/378
f 1689/222/377 1690/221/377 1692/223/377 1691/224/377
f 1691/224/376 1692/223/376 1694/225/376 1693/226/376
f 1693/226/375 1694/225/375 1696/227/375 1695/228/375
f 1695/228/374 1696/227/374 1698/229/374 1697/230/374
f 1697/230/373 1698/229/373 1700/231/373 1699/232/373
f 1699/232/372 1700/231/372 1702/233/372 1701/234/372
f 1701/234/371 1702/233/371 1704/235/371 1703/236/371
f 1703/236/370 1704/235/370 1706/237/370 1705/238/370
f 1705/238/369 1706/237/369 1708/239/369 1707/240/369
f 1707/240/368 1708/239/368 1710/241/368 1709/242/368
f 1682/243/622 1712/244/622 1728/244/622 1714/243/622
f 1709/242/367 1710/241/367 1712/244/367 1711/245/367
f 1711/245/366 1712/244/366 1682/243/366 1681/246/366
f 1681/203/433 1683/247/433 1685/248/433 1687/249/433 1689/206/433 1691/250/433 1693/251/433 1695/252/433 1697/209/433 1699/253/433 1701/254/433 1703/255/433 1705/212/433 1707/256/433 1709/257/433 1711/258/433
f 1728/244/623 1727/241/623 1743/241/623 1744/244/623
f 1690/221/624 1688/219/624 1716/219/624 1717/221/624
f 1700/231/625 1698/229/625 1721/229/625 1722/231/625
f 1710/241/626 1708/239/626 1726/239/626 1727/241/626
f 1686/217/627 1684/215/627 1713/215/627 1715/217/627
f 1696/227/628 1694/225/628 1719/225/628 1720/227/628
f 1706/237/629 1704/235/629 1724/235/629 1725/237/629
f 1692/223/630 1690/221/630 1717/221/630 1718/223/630
f 1702/233/631 1700/231/631 1722/231/631 1723/233/631
f 1712/244/632 1710/241/632 1727/241/632 1728/244/632
f 1688/219/633 1686/217/633 1715/217/633 1716/219/633
f 1698/229/634 1696/227/634 1720/227/634 1721/229/634
f 1684/215/635 1682/166/635 1714/166/635 1713/215/635
f 1708/239/636 1706/237/636 1725/237/636 1726/239/636
f 1694/225/637 1692/223/637 1718/223/637 1719/225/637
f 1704/235/638 1702/233/638 1723/233/638 1724/235/638
f 1734/223/639 1733/221/639 1749/221/639 1750/223/639
f 1721/229/640 1720/227/640 1736/227/640 1737/229/640
f 1713/215/641 1714/166/641 1730/166/641 1729/215/641
f 1714/243/642 1728/244/642 1744/244/642 1730/243/642
f 1722/231/643 1721/229/643 1737/229/643 1738/231/643
f 1715/217/644 1713/215/644 1729/215/644 1731/217/644
f 1723/233/645 1722/231/645 1738/231/645 1739/233/645
f 1716/219/646 1715/217/646 1731/217/646 1732/219/646
f 1724/235/647 1723/233/647 1739/233/647 1740/235/647
f 1717/221/648 1716/219/648 1732/219/648 1733/221/648
f 1725/237/649 1724/235/649 1740/235/649 1741/237/649
f 1718/223/650 1717/221/650 1733/221/650 1734/223/650
f 1726/239/651 1725/237/651 1741/237/651 1742/239/651
f 1719/225/652 1718/223/652 1734/223/652 1735/225/652
f 1727/241/653 1726/239/653 1742/239/653 1743/241/653
f 1720/227/654 1719/225/654 1735/225/654 1736/227/654
f 1755/233/372 1754/231/372 1770/231/372 1771/233/372
f 1742/239/655 1741/237/655 1757/237/655 1758/239/655
f 1735/225/656 1734/223/656 1750/223/656 1751/225/656
f 1743/241/657 1742/239/657 1758/239/657 1759/241/657
f 1736/227/658 1735/225/658 1751/225/658 1752/227/658
f 1744/244/659 1743/241/659 1759/241/659 1760/244/659
f 1737/229/660 1736/227/660 1752/227/660 1753/229/660
f 1729/215/661 1730/166/661 1746/166/661 1745/215/661
f 1730/243/662 1744/244/662 1760/244/662 1746/243/662
f 1738/231/663 1737/229/663 1753/229/663 1754/231/663
f 1731/217/664 1729/215/664 1745/215/664 1747/217/664
f 1739/233/665 1738/231/665 1754/231/665 1755/233/665
f 1732/219/666 1731/217/666 1747/217/666 1748/219/666
f 1740/235/667 1739/233/667 1755/233/667 1756/235/667
f 1733/221/668 1732/219/668 1748/219/668 1749/221/668
f 1741/237/669 1740/235/669 1756/235/669 1757/237/669
f 1776/244/670 1775/241/670 1791/241/670 1792/244/670
f 1748/219/379 1747/217/379 1763/217/379 1764/219/379
f 1756/235/371 1755/233/371 1771/233/371 1772/235/371
f 1749/221/378 1748/219/378 1764/219/378 1765/221/378
f 1757/237/370 1756/235/370 1772/235/370 1773/237/370
f 1750/223/377 1749/221/377 1765/221/377 1766/223/377
f 1758/239/369 1757/237/369 1773/237/369 1774/239/369
f 1751/225/376 1750/223/376 1766/223/376 1767/225/376
f 1759/241/368 1758/239/368 1774/239/368 1775/241/368
f 1752/227/375 1751/225/375 1767/225/375 1768/227/375
f 1760/244/367 1759/241/367 1775/241/367 1776/244/367
f 1753/229/374 1752/227/374 1768/227/374 1769/229/374
f 1745/215/432 1746/166/432 1762/166/432 1761/215/432
f 1746/243/366 1760/244/366 1776/244/366 1762/243/366
f 1754/231/373 1753/229/373 1769/229/373 1770/231/373
f 1747/217/381 1745/215/381 1761/215/381 1763/217/381
f 1777/259/383 1778/188/383 1792/260/383 1791/261/383 1790/262/383 1789/191/383 1788/263/383 1787/264/383 1786/265/383 1785/194/383 1784/266/383 1783/267/383 1782/268/383 1781/197/383 1780/269/383 1779/270/383
f 1769/229/671 1768/227/671 1784/227/671 1785/229/671
f 1761/215/672 1762/166/672 1778/166/672 1777/215/672
f 1762/243/673 1776/244/673 1792/244/673 1778/243/673
f 1770/231/674 1769/229/674 1785/229/674 1786/231/674
f 1763/217/675 1761/215/675 1777/215/675 1779/217/675
f 1771/233/676 1770/231/676 1786/231/676 1787/233/676
f 1764/219/677 1763/217/677 1779/217/677 1780/219/677
f 1772/235/678 1771/233/678 1787/233/678 1788/235/678
f 1765/221/679 1764/219/679 1780/219/679 1781/221/679
f 1773/237/680 1772/235/680 1788/235/680 1789/237/680
f 1766/223/681 1765/221/681 1781/221/681 1782/223/681
f 1774/239/682 1773/237/682 1789/237/682 1790/239/682
f 1767/225/683 1766/223/683 1782/223/683 1783/225/683
f 1775/241/684 1774/239/684 1790/239/684 1791/241/684
f 1768/227/685 1767/225/685 1783/225/685 1784/227/685
f 1793/165/457 1795/166/457 1798/215/457 1796/216/457
f 1796/216/458 1798/215/458 1801/217/458 1799/218/458
f 1799/218/459 1801/217/459 1804/219/459 1802/220/459
f 1802/220/460 1804/219/460 1807/221/460 1805/222/460
f 1805/222/461 1807/221/461 1810/223/461 1808/224/461
f 1808/224/462 1810/223/462 1813/225/462 1811/226/462
f 1811/226/463 1813/225/463 1816/227/463 1814/228/463
f 1814/228/464 1816/227/464 1819/229/464 1817/230/464
f 1817/230/449 1819/229/449 1822/231/449 1820/232/449
f 1820/232/450 1822/231/450 1825/233/450 1823/234/450
f 1823/234/451 1825/233/451 1828/235/451 1826/236/451
f 1826/236/452 1828/235/452 1831/237/452 1829/238/452
f 1829/238/453 1831/237/453 1834/239/453 1832/240/453
f 1832/240/454 1834/239/454 1837/241/454 1835/242/454
f 1845/271/362 1825/264/362 1822/265/362 1819/194/362 1816/266/362 1813/267/362 1856/272/362 1853/273/362 1843/274/362 1852/275/362
f 1813/267/362 1810/268/362 1807/197/362 1804/269/362 1801/270/362 1798/259/362 1795/188/362 1840/260/362 1837/261/362 1834/262/362 1831/191/362 1828/263/362 1825/264/362 1845/271/362 1846/276/362 1842/277/362 1847/278/362 1851/279/362 1848/280/362 1841/281/362 1850/282/362 1849/283/362 1855/284/362 1844/285/362 1854/286/362 1856/272/362
f 1835/242/455 1837/241/455 1840/244/455 1838/245/455
f 1838/245/456 1840/244/456 1795/243/456 1793/246/456
f 1838/258/365 1793/203/365 1796/247/365 1799/248/365 1802/249/365 1805/206/365 1808/250/365 1811/251/365 1814/252/365 1817/209/365 1820/253/365 1823/254/365 1826/255/365 1829/212/365 1832/256/365 1835/257/365
f 1841/287/449 1794/165/449 1797/216/449 1850/288/449
f 1850/288/450 1797/216/450 1800/218/450 1849/289/450
f 1800/218/451 1803/220/451 1855/290/451 1849/289/451
f 1803/220/452 1806/222/452 1844/291/452 1855/290/452
f 1806/222/453 1809/224/453 1854/292/453 1844/291/453
f 1809/224/454 1812/226/454 1856/293/454 1854/292/454
f 1812/226/455 1815/228/455 1853/294/455 1856/293/455
f 1815/228/456 1818/230/456 1843/295/456 1853/294/456
f 1818/230/457 1821/232/457 1852/296/457 1843/295/457
f 1821/232/458 1824/234/458 1845/297/458 1852/296/458
f 1845/297/459 1824/234/459 1827/236/459 1846/298/459
f 1846/298/460 1827/236/460 1830/238/460 1842/299/460
f 1842/299/461 1830/238/461 1833/240/461 1847/300/461
f 1847/300/462 1833/240/462 1836/242/462 1851/301/462
f 1851/301/463 1836/242/463 1839/245/463 1848/302/463
f 1848/302/464 1839/245/464 1794/246/464 1841/303/464
f 1833/256/362 1830/212/362 1827/255/362 1824/254/362 1821/253/362 1818/209/362 1815/252/362 1812/251/362 1809/250/362 1806/206/362 1803/249/362 1800/248/362 1797/247/362 1794/203/362 1839/258/362 1836/257/362
f 1857/165/473 1859/166/473 1862/215/473 1860/216/473
f 1860/216/474 1862/215/474 1865/217/474 1863/218/474
f 1863/218/475 1865/217/475 1868/219/475 1866/220/475
f 1866/220/476 1868/219/476 1871/221/476 1869/222/476
f 1869/222/477 1871/221/477 1874/223/477 1872/224/477
f 1872/224/478 1874/223/478 1877/225/478 1875/226/478
f 1875/226/479 1877/225/479 1880/227/479 1878/228/479
f 1878/228/480 1880/227/480 1883/229/480 1881/230/480
f 1881/230/465 1883/229/465 1886/231/465 1884/232/465
f 1884/232/466 1886/231/466 1889/233/466 1887/234/466
f 1887/234/467 1889/233/467 1892/235/467 1890/236/467
f 1890/236/468 1892/235/468 1895/237/468 1893/238/468
f 1893/238/469 1895/237/469 1898/239/469 1896/240/469
f 1896/240/470 1898/239/470 1901/241/470 1899/242/470
f 1909/271/362 1889/264/362 1886/265/362 1883/194/362 1880/266/362 1877/267/362 1920/272/362 1917/273/362 1907/274/362 1916/275/362
f 1877/267/362 1874/268/362 1871/197/362 1868/269/362 1865/270/362 1862/259/362 1859/188/362 1904/260/362 1901/261/362 1898/262/362 1895/191/362 1892/263/362 1889/264/362 1909/271/362 1910/276/362 1906/277/362 1911/278/362 1915/279/362 1912/280/362 1905/281/362 1914/282/362 1913/283/362 1919/284/362 1908/285/362 1918/286/362 1920/272/362
f 1899/242/471 1901/241/471 1904/244/471 1902/245/471
f 1902/245/472 1904/244/472 1859/243/472 1857/246/472
f 1902/258/365 1857/203/365 1860/247/365 1863/248/365 1866/249/365 1869/206/365 1872/250/365 1875/251/365 1878/252/365 1881/209/365 1884/253/365 1887/254/365 1890/255/365 1893/212/365 1896/256/365 1899/257/365
f 1905/287/465 1858/165/465 1861/216/465 1914/288/465
f 1914/288/466 1861/216/466 1864/218/466 1913/289/466
f 1864/218/467 1867/220/467 1919/290/467 1913/289/467
f 1867/220/468 1870/222/468 1908/291/468 1919/290/468
f 1870/222/469 1873/224/469 1918/292/469 1908/291/469
f 1873/224/470 1876/226/470 1920/293/470 1918/292/470
f 1876/226/471 1879/228/471 1917/294/471 1920/293/471
f 1879/228/472 1882/230/472 1907/295/472 1917/294/472
f 1882/230/473 1885/232/473 1916/296/473 1907/295/473
f 1885/232/474 1888/234/474 1909/297/474 1916/296/474
f 1909/297/475 1888/234/475 1891/236/475 1910/298/475
f 1910/298/476 1891/236/476 1894/238/476 1906/299/476
f 1906/299/477 1894/238/477 1897/240/477 1911/300/477
f 1911/300/478 1897/240/478 1900/242/478 1915/301/478
f 1915/301/479 1900/242/479 1903/245/479 1912/302/479
f 1912/302/480 1903/245/480 1858/246/480 1905/303/480
f 1897/256/362 1894/212/362 1891/255/362 1888/254/362 1885/253/362 1882/209/362 1879/252/362 1876/251/362 1873/250/362 1870/206/362 1867/249/362 1864/248/362 1861/247/362 1858/203/362 1903/258/362 1900/257/362
f 1921/165/489 1923/166/489 1926/215/489 1924/216/489
f 1924/216/490 1926/215/490 1929/217/490 1927/218/490
f 1927/218/491 1929/217/491 1932/219/491 1930/220/491
f 1930/220/492 1932/219/492 1935/221/492 1933/222/492
f 1933/222/497 1935/221/497 1938/223/497 1936/224/497
f 1936/224/494 1938/223/494 1941/225/494 1939/226/494
f 1939/226/495 1941/225/495 1944/227/495 1942/228/495
f 1942/228/496 1944/227/496 1947/229/496 1945/230/496
f 1945/230/481 1947/229/481 1950/231/481 1948/232/481
f 1948/232/482 1950/231/482 1953/233/482 1951/234/482
f 1951/234/483 1953/233/483 1956/235/483 1954/236/483
f 1954/236/484 1956/235/484 1959/237/484 1957/238/484
f 1957/238/686 1959/237/686 1962/239/686 1960/240/686
f 1960/240/486 1962/239/486 1965/241/486 1963/242/486
f 1973/271/362 1953/264/362 1950/265/362 1947/194/362 1944/266/362 1941/267/362 1984/272/362 1981/273/362 1971/274/362 1980/275/362
f 1941/267/362 1938/268/362 1935/197/362 1932/269/362 1929/270/362 1926/259/362 1923/188/362 1968/260/362 1965/261/362 1962/262/362 1959/191/362 1956/263/362 1953/264/362 1973/271/362 1974/276/362 1970/277/362 1975/278/362 1979/279/362 1976/280/362 1969/281/362 1978/282/362 1977/283/362 1983/284/362 1972/285/362 1982/286/362 1984/272/362
f 1963/242/487 1965/241/487 1968/244/487 1966/245/487
f 1966/245/488 1968/244/488 1923/243/488 1921/246/488
f 1966/258/365 1921/203/365 1924/247/365 1927/248/365 1930/249/365 1933/206/365 1936/250/365 1939/251/365 1942/252/365 1945/209/365 1948/253/365 1951/254/365 1954/255/365 1957/212/365 1960/256/365 1963/257/365
f 1969/287/481 1922/165/481 1925/216/481 1978/288/481
f 1978/288/482 1925/216/482 1928/218/482 1977/289/482
f 1928/218/483 1931/220/483 1983/290/483 1977/289/483
f 1931/220/484 1934/222/484 1972/291/484 1983/290/484
f 1934/222/686 1937/224/686 1982/292/686 1972/291/686
f 1937/224/486 1940/226/486 1984/293/486 1982/292/486
f 1940/226/487 1943/228/487 1981/294/487 1984/293/487
f 1943/228/488 1946/230/488 1971/295/488 1981/294/488
f 1946/230/489 1949/232/489 1980/296/489 1971/295/489
f 1949/232/490 1952/234/490 1973/297/490 1980/296/490
f 1973/297/491 1952/234/491 1955/236/491 1974/298/491
f 1974/298/492 1955/236/492 1958/238/492 1970/299/492
f 1970/299/493 1958/238/493 1961/240/493 1975/300/493
f 1975/300/494 1961/240/494 1964/242/494 1979/301/494
f 1979/301/495 1964/242/495 1967/245/495 1976/302/495
f 1976/302/496 1967/245/496 1922/246/496 1969/303/496
f 1961/256/362 1958/212/362 1955/255/362 1952/254/362 1949/253/362 1946/209/362 1943/252/362 1940/251/362 1937/250/362 1934/206/362 1931/249/362 1928/248/362 1925/247/362 1922/203/362 1967/258/362 1964/257/362
f 1985/305/687 1987/306/687 1988/307/687 1986/308/687
f 1995/309/688 2008/309/688 2003/310/688 1994/310/688
f 1991/234/688 1989/311/688 1990/312/688 1992/226/688
f 1997/313/689 1985/233/689 1986/225/689 2000/314/689
f 1993/315/690 1998/316/690 1989/311/690 1991/234/690
f 1995/317/691 2000/318/691 1986/319/691 1988/218/691
f 1992/226/692 1990/312/692 1999/320/692 1996/321/692
f 1996/321/693 1999/320/693 2000/318/693 1995/317/693
f 1987/242/694 1985/322/694 1997/323/694 1994/324/694
f 1994/324/695 1997/323/695 1998/316/695 1993/315/695
f 1989/311/689 1998/325/689 1999/326/689 1990/312/689
f 1998/325/689 1997/313/689 2000/314/689 1999/326/689
f 1992/226/688 2005/226/688 2006/234/688 1991/234/688
f 1994/310/696 1993/327/696 1996/328/696 1995/309/696
f 2007/327/696 2006/234/696 2005/226/696 2004/328/696
f 2002/306/696 2003/310/696 2008/309/696 2001/307/696
f 1994/324/365 2003/324/365 2002/242/365 1987/242/365
f 1993/327/687 2007/327/687 2004/328/687 1996/328/687
f 1996/321/362 2004/321/362 2005/226/362 1992/226/362
f 1988/218/362 2001/218/362 2008/317/362 1995/317/362
f 1987/306/687 2002/306/687 2001/307/687 1988/307/687
f 1991/234/365 2006/234/365 2007/315/365 1993/315/365
f 2009/305/688 2011/306/688 2012/307/688 2010/308/688
f 2019/309/687 2032/309/687 2027/310/687 2018/310/687
f 2015/234/687 2013/311/687 2014/312/687 2016/226/687
f 2021/313/696 2009/233/696 2010/225/696 2024/314/696
f 2017/315/697 2022/316/697 2013/311/697 2015/234/697
f 2019/317/698 2024/318/698 2010/319/698 2012/218/698
f 2016/226/699 2014/312/699 2023/320/699 2020/321/699
f 2020/321/700 2023/320/700 2024/318/700 2019/317/700
f 2011/242/701 2009/322/701 2021/323/701 2018/324/701
f 2018/324/702 2021/323/702 2022/316/702 2017/315/702
f 2013/311/696 2022/325/696 2023/326/696 2014/312/696
f 2022/325/696 2021/313/696 2024/314/696 2023/326/696
f 2016/226/687 2029/226/687 2030/234/687 2015/234/687
f 2018/310/689 2017/327/689 2020/328/689 2019/309/689
f 2031/327/689 2030/234/689 2029/226/689 2028/328/689
f 2026/306/689 2027/310/689 2032/309/689 2025/307/689
f 2018/324/365 2027/324/365 2026/242/365 2011/242/365
f 2017/327/688 2031/327/688 2028/328/688 2020/328/688
f 2020/321/362 2028/321/362 2029/226/362 2016/226/362
f 2012/218/362 2025/218/362 2032/317/362 2019/317/362
f 2011/306/688 2026/306/688 2025/307/688 2012/307/688
f 2015/234/365 2030/234/365 2031/315/365 2017/315/365
